persona_id,b1,b2,b3,b4,b5,b6,b7,b8,b9,b10,b11,b12,b13,b14,b15,b16,b17,b18,b19,b20,b21,b22,b23,b24,b25,b26,b27,b28,b29,b30
s1,1,1,1,2,2,1,1,2,2,3,2,1,2,2,3,2,6,1,1,2,2,2,6,2,1,1,2,3,1,2
s2,6,6,6,6,6,1,4,6,6,6,1,6,6,6,3,6,6,6,6,6,6,6,6,6,1,2,1,6,6,6
s3,1,1,4,2,4,1,4,1,4,1,4,1,1,4,3,4,6,4,4,4,2,4,1,4,1,1,3,1,1,1
s4,6,6,3,7,1,1,4,1,6,1,6,7,6,6,3,6,6,6,6,6,3,6,6,3,1,2,6,6,6,6
s5,1,1,1,1,1,1,1,1,1,7,2,1,6,2,2,1,1,1,1,1,1,6,6,1,1,1,1,1,6,1
s6,6,6,6,6,6,1,4,3,6,6,6,6,6,4,3,1,6,3,6,3,3,6,6,4,3,3,6,3,6,6
s7,3,1,1,4,7,1,4,1,7,3,1,4,2,4,3,3,6,1,1,1,4,1,1,4,1,1,7,1,4,1
s8,1,1,2,1,1,1,1,1,1,2,1,1,2,2,3,3,3,1,1,3,3,4,6,1,3,1,1,1,1,1
s9,3,1,4,4,4,1,4,1,3,3,1,4,3,3,3,3,3,4,3,3,3,4,4,3,3,3,3,3,1,3
s10,3,1,3,3,1,1,3,1,3,6,1,7,3,6,3,3,6,1,2,3,3,1,3,3,3,3,3,3,3,3
s11,3,1,2,1,1,1,1,1,1,1,1,1,1,4,3,1,6,1,6,3,3,1,4,1,1,1,1,3,1,1
s12,6,6,6,6,1,1,1,7,1,6,1,6,6,6,1,1,6,6,6,6,6,6,1,1,1,1,1,1,6,6
s13,6,6,6,6,6,1,1,1,6,6,6,6,6,6,6,6,6,6,6,6,1,6,6,6,1,6,6,6,1,6
s14,3,4,3,3,3,1,1,3,3,1,3,3,3,4,3,3,6,1,1,3,3,1,3,3,1,3,3,3,4,3
s15,6,6,6,6,1,1,1,6,6,1,1,6,6,6,6,1,6,6,6,6,6,1,6,6,1,6,1,6,6,6
s16,3,4,4,2,4,1,4,1,3,3,1,3,3,4,3,3,6,4,1,4,3,3,3,3,1,6,3,3,4,3
s17,6,6,6,6,1,1,1,3,3,6,1,6,6,3,3,3,6,3,6,3,3,6,6,3,1,3,3,3,6,6
s18,6,1,1,2,2,1,4,1,6,2,6,1,6,2,3,3,3,1,1,1,3,2,1,3,6,6,4,3,6,3
s19,1,1,1,1,1,1,1,1,1,1,6,1,1,4,1,1,6,1,1,4,1,1,1,1,6,3,1,1,1,1
s20,6,6,6,6,1,1,1,6,1,1,1,6,6,6,3,1,6,6,6,1,6,6,6,1,1,2,1,6,6,6
s21,6,1,1,3,4,1,4,1,4,6,1,1,1,4,3,1,6,6,1,4,3,1,4,3,1,3,4,3,6,3
s22,6,6,6,6,2,1,1,1,1,1,1,1,6,1,2,2,2,1,6,2,6,6,6,1,2,1,1,3,6,6
s23,1,1,1,1,1,1,1,1,1,1,1,1,1,2,1,1,6,1,2,1,1,1,2,1,1,1,1,1,1,1
s24,6,6,6,6,3,1,3,6,3,6,1,6,6,6,3,1,6,6,6,6,3,6,6,3,3,3,6,3,6,6
s25,6,6,6,6,3,1,3,1,3,6,1,6,6,6,3,1,6,3,6,6,3,6,6,3,3,3,6,3,6,6
s26,1,1,1,3,1,1,1,1,1,1,1,1,1,4,3,1,6,1,6,1,1,1,1,1,2,1,1,1,1,1
s27,1,1,6,7,1,1,1,1,1,1,1,7,6,1,1,1,2,1,1,2,3,2,7,2,1,1,1,3,6,1
s28,3,1,1,6,1,1,1,1,1,3,6,6,6,1,3,1,6,1,1,1,3,6,6,3,1,3,1,3,6,6
s29,3,3,3,6,1,1,4,3,3,6,6,3,6,3,3,3,6,3,3,3,3,1,3,3,3,3,4,3,1,6
s30,6,6,6,6,3,1,3,6,3,6,1,6,6,3,3,6,6,6,6,3,6,6,6,3,6,6,3,3,6,6
s31,6,6,6,6,1,1,1,6,1,6,1,6,6,6,1,6,6,6,6,6,6,1,6,3,3,3,1,6,6,6
s32,2,1,1,1,1,1,1,1,1,1,1,1,4,4,1,2,2,1,1,3,2,1,4,1,1,1,1,3,1,1
s33,6,6,6,6,1,1,1,7,1,6,6,6,6,1,3,1,6,1,6,1,6,6,1,1,1,1,1,1,6,6
s34,6,6,6,6,4,1,6,1,6,6,6,6,6,6,6,6,6,6,6,6,6,6,6,6,6,2,6,6,6,6
s35,6,6,6,6,1,1,1,1,1,6,1,6,6,6,1,1,6,1,1,1,6,1,6,3,1,1,1,3,6,6
s36,3,6,1,2,1,1,1,1,1,1,3,1,6,6,3,3,6,6,6,3,2,3,1,1,1,1,1,3,2,1
s37,2,1,4,1,4,1,4,1,1,3,3,1,2,4,3,2,4,1,1,3,4,4,1,4,1,1,3,3,4,1
s38,1,1,2,1,1,1,1,1,1,1,1,1,2,1,3,2,7,7,1,1,1,1,2,1,1,1,1,3,1,1
s39,3,1,1,1,1,1,1,1,1,3,1,1,4,1,3,3,6,1,1,1,3,1,4,1,1,1,3,3,1,1
s40,6,6,3,6,1,1,6,6,6,6,1,6,6,6,6,1,6,6,6,6,6,6,6,6,1,3,1,6,1,6
s41,3,6,1,3,1,1,4,1,1,1,6,1,6,4,3,1,6,1,1,1,6,6,4,4,1,3,4,3,4,3
s42,6,6,6,6,1,1,4,6,4,6,6,6,6,6,4,1,6,6,6,3,6,6,6,4,6,3,3,3,6,6
s43,1,1,1,2,1,1,1,1,1,2,1,1,2,2,1,1,7,1,1,1,1,1,1,1,1,1,2,1,1,1
s44,2,1,2,2,4,1,4,1,1,1,7,1,4,4,1,1,6,1,1,1,2,4,6,4,7,1,3,3,1,1
s45,1,1,1,6,1,1,1,2,1,1,1,6,1,1,3,1,6,1,1,1,6,6,6,1,6,1,1,3,6,6
s46,1,1,1,1,1,1,1,1,1,1,1,1,1,1,1,1,1,1,6,1,1,4,4,1,1,1,1,1,1,1
s47,6,6,6,6,1,1,1,7,1,1,1,1,6,6,2,1,6,1,1,1,3,6,6,6,1,1,6,6,6,1
s48,6,6,6,6,1,1,1,6,1,6,1,6,6,6,3,1,6,6,6,1,6,6,6,1,1,2,6,6,6,6
s49,1,1,1,6,1,1,1,1,1,6,1,1,6,1,1,1,6,6,1,1,1,1,1,1,1,1,1,1,6,1
s50,6,7,6,1,1,1,1,1,1,1,1,7,6,2,1,1,2,1,1,1,6,6,1,1,1,1,1,3,1,1
s51,3,1,1,1,1,1,4,1,1,1,1,1,1,1,1,1,4,1,1,4,6,1,1,1,1,1,1,1,1,1
s52,1,1,1,4,4,1,4,1,1,4,6,4,6,4,4,1,6,1,1,1,1,1,1,4,1,1,1,3,1,1
s53,6,6,6,6,4,1,4,4,4,3,6,6,6,3,4,3,6,6,6,3,3,6,4,3,3,4,3,3,6,3
s54,2,1,1,2,4,1,4,1,4,7,3,1,6,3,3,3,6,4,1,3,3,4,4,3,1,1,3,3,1,3
s55,6,1,3,7,3,1,1,7,1,6,3,3,6,3,3,1,6,6,1,6,3,6,6,3,6,3,1,3,1,6
s56,6,3,3,6,2,1,1,3,3,6,1,6,6,3,3,3,6,3,3,3,3,6,3,3,3,2,2,3,6,6
s57,6,1,1,1,1,1,1,1,1,1,1,1,2,1,2,2,2,1,1,2,1,1,1,1,2,1,1,3,3,1
s58,6,6,3,6,4,1,6,6,4,6,6,6,6,4,6,6,6,6,6,6,6,6,4,4,6,6,6,6,6,6
s59,1,1,1,7,1,1,1,2,1,1,6,1,6,6,1,1,6,1,1,1,1,6,6,1,1,1,1,1,6,1
s60,1,1,1,1,1,1,1,1,1,1,6,1,1,2,3,1,6,1,1,1,1,1,2,1,1,1,1,1,1,1
s61,1,1,1,1,1,1,1,1,1,1,1,1,1,1,1,2,1,1,1,1,1,1,1,1,1,1,1,1,1,1
s62,6,6,6,6,6,1,1,7,6,6,6,6,6,6,3,1,6,6,6,6,3,6,6,3,6,3,6,6,6,6
s63,1,1,1,1,1,1,1,1,1,1,1,1,1,7,1,1,1,1,1,1,1,1,1,1,1,1,1,1,1,1
s64,6,6,3,6,3,1,4,1,3,1,3,1,6,6,3,1,6,6,6,1,3,1,6,4,6,1,4,3,6,3
s65,1,1,4,1,1,1,1,1,1,1,1,1,1,1,1,1,6,1,1,1,1,1,6,1,1,1,1,1,1,1
s66,7,1,1,1,1,1,1,1,1,7,2,7,2,1,2,1,7,1,1,1,1,1,1,1,1,1,1,2,1,1
s67,1,1,1,1,1,1,1,1,1,1,1,1,4,1,1,1,6,7,1,7,2,7,7,1,1,1,1,1,1,1
s68,6,6,6,6,6,1,1,7,6,6,6,6,6,6,6,6,6,6,6,1,6,6,6,6,6,6,1,6,6,6
s69,6,6,6,6,1,1,1,1,1,1,1,1,6,1,1,1,6,6,1,6,3,6,6,6,1,2,6,6,6,6
s70,6,6,6,6,1,1,1,6,6,6,1,6,6,6,6,6,6,6,6,1,1,6,6,3,1,2,1,6,6,6
s71,3,6,4,3,4,1,4,1,4,6,1,4,3,3,3,3,6,1,1,3,3,3,1,3,3,3,3,3,1,3
s72,3,1,4,3,1,1,1,1,1,7,1,1,6,4,3,1,6,1,6,3,3,1,1,1,1,1,1,3,1,3
s73,3,1,2,2,1,1,4,2,4,1,1,4,1,6,3,4,6,6,6,4,3,6,4,1,1,1,1,3,4,3
s74,1,1,2,1,1,1,1,1,1,1,6,1,2,1,1,2,6,1,1,1,1,1,1,1,1,1,7,1,1,1
s75,3,6,1,3,3,1,2,1,4,1,1,1,6,6,3,3,6,1,6,3,3,3,3,1,3,1,3,3,1,3
s76,1,1,1,1,1,1,4,1,1,3,1,7,4,4,3,3,6,1,4,4,1,4,4,4,1,4,4,3,4,1
s77,2,1,1,2,1,1,1,1,1,1,1,1,6,6,1,1,6,1,6,1,1,1,6,1,1,1,1,1,1,1
s78,6,6,1,1,1,1,4,1,1,6,1,6,6,1,1,1,6,1,6,1,1,6,6,1,1,1,1,1,6,1
s79,6,6,6,6,1,1,1,1,1,6,1,6,6,6,6,1,6,6,6,1,1,6,6,3,1,1,1,1,6,6
s80,3,6,1,3,2,1,4,3,4,3,6,1,3,4,4,4,6,1,6,4,2,6,2,3,1,1,4,3,1,3
s81,6,6,6,6,4,1,4,3,3,6,6,6,6,6,3,3,6,6,6,6,6,6,6,4,6,3,4,6,6,6
s82,7,1,1,1,1,1,1,1,1,1,2,1,6,1,1,1,6,1,1,1,1,1,1,1,2,1,1,1,6,1
s83,6,6,1,6,1,1,1,7,1,6,6,7,6,6,3,1,6,6,6,1,3,6,6,6,6,6,1,6,1,6
s84,3,1,1,3,4,1,1,1,3,1,3,1,3,3,3,3,6,1,1,1,3,4,4,3,3,1,3,3,1,3
s85,6,6,3,6,1,1,1,6,1,6,6,6,6,6,3,3,6,6,6,6,6,6,1,3,1,1,1,3,6,6
s86,1,1,2,1,1,1,4,1,4,1,6,1,6,1,4,1,6,6,1,4,1,1,1,1,1,1,2,3,1,1
s87,6,6,6,6,1,1,1,1,4,6,6,6,6,6,3,1,6,6,1,3,6,6,1,3,3,3,1,6,6,6
s88,6,6,3,6,4,1,4,6,4,4,6,6,6,4,3,4,6,6,6,6,4,6,3,4,4,3,4,6,6,6
s89,6,1,3,3,1,1,4,1,3,3,3,7,2,4,3,2,4,1,1,3,3,3,6,3,3,3,3,3,1,3
s90,6,7,3,6,6,1,1,1,1,6,6,6,6,6,6,6,6,6,6,1,6,6,6,6,1,1,1,6,1,6
s91,1,1,1,1,1,1,1,1,1,1,1,1,6,4,3,1,6,1,1,1,1,6,1,1,1,1,1,1,6,1
s92,3,1,4,3,4,1,4,1,4,6,3,1,4,4,3,4,6,1,1,3,3,1,4,3,1,1,3,3,1,3
s93,1,1,1,6,1,1,1,2,1,6,1,1,6,1,3,1,6,4,1,1,3,1,1,1,1,2,1,2,6,1
s94,1,1,2,2,1,1,4,1,6,6,2,1,6,2,3,2,4,1,1,1,1,6,1,1,2,1,2,3,1,2
s95,6,6,6,6,3,1,1,3,3,6,6,6,6,6,3,1,6,6,6,6,3,6,6,1,3,3,3,3,6,6
s96,1,7,1,1,1,1,1,1,1,6,1,1,2,1,1,1,6,1,1,1,1,1,1,1,1,1,1,1,1,1
s97,3,6,3,3,1,1,4,1,3,3,3,1,6,3,3,3,6,1,1,3,3,3,3,3,3,3,3,3,4,3
s98,6,6,6,6,1,1,1,6,1,6,1,6,6,6,4,1,6,6,6,6,3,6,6,3,1,2,1,3,6,6
s99,2,1,2,4,1,1,4,1,1,1,1,1,4,1,1,1,2,1,1,1,1,4,4,1,1,1,1,3,1,1
s100,1,1,1,1,1,1,1,1,1,1,2,7,6,2,1,1,1,1,1,1,1,2,2,1,1,1,1,1,6,1
s101,1,1,1,1,1,1,1,1,1,1,1,1,1,1,1,1,2,1,1,1,1,1,4,1,1,1,1,3,1,1
s102,1,1,1,2,1,1,1,1,6,1,1,1,1,6,1,1,1,6,6,3,6,4,1,1,1,1,1,1,1,1
s103,6,6,6,6,1,1,1,6,6,6,6,6,6,6,6,6,6,6,6,1,1,6,6,3,1,2,1,6,6,6
s104,6,6,1,3,1,1,3,1,3,3,3,6,6,4,3,3,6,1,2,1,3,4,6,3,1,1,3,3,1,3
s105,6,6,1,6,1,1,1,6,1,6,6,6,6,1,3,6,6,6,6,6,6,6,6,3,1,2,1,6,1,6
s106,3,1,4,2,3,1,1,1,3,3,1,6,3,1,3,3,6,1,1,1,3,4,1,1,3,1,3,3,1,1
s107,1,6,1,6,1,1,1,6,1,6,1,1,6,1,2,1,6,1,1,1,3,6,6,1,1,2,1,1,6,6
s108,7,1,2,1,2,1,1,1,1,7,6,1,1,1,1,1,1,1,1,1,1,1,1,1,2,1,1,1,7,1
s109,6,6,6,6,1,1,1,6,6,6,1,6,6,6,1,6,6,6,6,6,1,6,6,3,1,1,1,6,6,6
s110,6,6,3,6,1,1,3,1,4,6,1,6,6,6,3,3,6,6,6,3,3,1,6,3,3,3,3,6,6,6
s111,3,1,2,3,1,1,4,1,4,6,3,1,2,4,3,3,6,1,1,4,3,6,4,3,4,3,3,3,1,3
s112,6,6,6,6,1,1,1,6,6,6,1,6,6,6,3,1,6,6,6,1,6,6,6,4,2,1,1,1,6,6
s113,6,6,3,6,1,1,4,3,3,6,1,6,6,3,3,3,6,6,6,3,6,6,3,3,3,3,3,6,6,6
s114,6,1,1,4,1,1,1,1,1,3,1,1,2,3,3,3,3,4,1,1,3,1,1,1,6,1,3,3,6,3
s115,6,6,6,6,1,1,1,6,6,6,6,6,6,6,6,6,6,6,6,6,6,6,6,6,1,1,6,6,6,6
s116,3,6,1,6,1,1,6,1,1,1,6,1,6,1,1,1,6,1,6,1,1,6,6,1,1,1,4,3,6,1
s117,6,6,6,6,1,1,6,1,1,6,1,1,6,1,1,1,6,6,6,6,6,6,6,3,1,6,6,6,1,6
s118,1,1,1,1,1,1,1,1,1,7,1,7,2,1,1,1,7,1,1,1,1,1,1,1,1,1,1,1,7,1
s119,6,1,1,1,1,1,1,1,1,6,6,1,6,2,1,1,2,1,1,1,6,1,6,1,1,1,1,2,1,1
s120,1,1,1,7,1,1,1,1,1,1,6,1,6,1,2,2,2,1,1,2,1,6,1,1,2,1,1,1,6,1
s121,1,1,1,1,1,1,1,1,1,1,6,1,1,2,1,1,2,1,1,1,1,1,7,1,1,1,1,3,1,1
s122,2,1,4,4,4,1,4,1,1,1,1,1,1,4,3,1,6,1,1,3,1,1,4,1,1,1,1,1,1,1
s123,6,6,3,6,1,1,1,6,6,6,1,6,6,6,3,1,6,6,6,6,3,6,3,3,1,2,6,6,6,6
s124,6,6,6,6,6,1,1,6,6,6,1,6,6,4,3,1,6,6,6,6,6,6,4,4,3,3,4,6,6,6
s125,6,6,4,6,4,1,4,3,4,4,1,6,6,4,3,6,4,6,4,3,3,6,3,4,4,3,4,4,6,6
s126,1,1,1,2,1,1,1,1,1,7,1,1,6,2,3,1,6,1,1,7,1,6,7,1,7,1,1,1,1,1
s127,1,1,1,1,1,1,1,1,1,1,1,1,6,1,1,1,6,1,1,7,6,1,1,1,1,1,1,1,1,1
s128,6,6,6,6,6,1,4,6,4,6,6,6,6,4,6,6,6,6,6,1,3,6,6,6,3,6,4,6,6,6
s129,6,6,6,3,1,1,4,1,1,1,1,6,1,6,1,1,6,1,6,1,3,6,1,4,1,1,1,4,1,1
s130,6,6,6,3,1,1,4,3,1,6,1,6,6,3,3,3,6,6,1,3,6,6,3,3,3,6,6,3,6,6
s131,2,1,7,1,7,1,1,1,7,1,1,1,1,1,3,1,6,1,1,1,1,4,4,1,7,1,1,1,1,1
s132,1,1,3,3,3,1,1,3,3,6,3,6,2,3,3,3,3,1,1,1,3,3,1,3,3,3,3,3,6,3
s133,6,6,6,6,1,1,4,1,6,6,6,6,6,6,3,6,6,6,6,6,6,6,6,3,1,1,1,1,6,6
s134,6,6,6,6,6,1,6,6,6,6,6,6,6,6,6,6,6,6,6,1,3,6,6,4,6,3,6,6,1,6
s135,1,1,2,1,1,1,1,1,1,1,6,1,1,2,3,1,1,1,1,1,1,1,1,1,1,1,1,3,1,1
s136,3,6,2,2,2,1,1,1,1,6,3,1,6,2,3,3,3,6,1,3,3,1,1,3,1,3,1,3,1,3
s137,2,1,4,1,1,1,1,1,1,1,1,1,1,4,3,3,6,1,1,3,1,1,4,1,6,1,1,1,1,1
s138,1,1,1,2,1,1,1,1,1,6,1,1,1,1,2,1,7,1,6,1,1,6,6,1,1,1,1,1,1,1
s139,7,1,2,1,1,1,1,1,1,7,1,1,6,1,1,2,1,1,1,1,1,1,1,1,1,1,1,3,1,1
s140,6,6,6,6,1,1,6,6,6,6,6,6,6,6,1,1,6,6,6,1,1,1,6,1,1,2,6,1,6,6
s141,3,2,2,1,1,1,1,1,1,3,3,3,2,2,3,2,3,6,2,1,3,1,6,1,1,3,3,3,1,1
s142,6,6,6,6,1,1,4,6,6,6,6,6,6,6,6,6,6,6,6,1,6,6,6,6,1,2,6,6,6,6
s143,6,6,3,3,3,1,4,1,3,6,1,6,3,4,3,1,6,1,1,3,3,3,3,3,3,1,3,3,1,3
s144,6,6,6,6,1,1,1,7,1,6,1,6,6,1,6,1,6,6,6,1,6,6,6,3,1,1,1,6,1,6
s145,1,1,1,1,1,1,1,1,1,1,1,1,6,1,1,1,1,1,1,1,1,1,1,1,1,1,1,3,1,1
s146,1,1,1,1,7,1,1,1,1,1,1,1,6,1,3,1,6,1,1,3,2,4,1,1,1,1,1,1,1,1
s147,3,1,1,1,4,1,4,1,4,3,3,3,6,4,3,3,6,1,1,3,3,1,4,4,3,1,3,3,4,3
s148,1,1,1,1,1,1,1,1,1,1,1,1,6,7,1,1,6,1,7,1,6,1,1,1,1,1,1,1,1,1
s149,2,1,1,4,1,1,1,1,1,1,1,1,6,7,1,1,7,1,1,1,6,1,4,1,1,1,1,1,1,1
s150,2,1,1,1,1,1,1,1,1,1,1,1,6,2,3,3,6,1,1,1,1,2,1,1,1,1,1,1,1,1
s151,6,1,1,6,1,1,1,1,1,1,3,6,6,1,3,1,6,3,1,1,1,6,2,3,1,1,3,1,6,1
s152,6,1,1,1,1,1,1,1,1,3,1,1,2,7,3,3,3,1,1,1,1,1,1,3,1,3,3,3,6,1
s153,1,1,1,1,4,1,1,1,1,1,1,1,1,1,1,1,1,1,1,1,2,1,1,4,1,1,1,1,1,1
s154,6,6,4,6,1,1,6,6,6,6,1,6,6,3,6,1,6,6,6,3,3,6,3,3,4,3,6,6,6,6
s155,2,1,2,1,1,1,1,1,1,1,3,1,4,4,3,3,6,1,1,3,3,1,3,1,1,3,1,3,1,1
s156,6,6,6,6,1,1,1,1,1,6,1,6,6,6,3,2,6,1,6,2,6,2,6,1,6,2,2,1,1,6
s157,3,1,1,3,3,1,1,3,3,3,3,3,6,2,3,1,6,1,1,3,3,6,6,3,3,3,3,3,6,3
s158,6,1,3,6,1,1,4,3,3,6,6,6,6,3,3,3,6,1,1,3,6,4,1,3,6,6,3,3,6,6
s159,1,1,1,7,1,1,1,7,1,1,2,1,6,3,2,1,6,1,1,2,3,6,6,1,1,1,1,1,1,6
s160,3,6,1,7,2,1,4,1,1,1,3,6,6,2,4,1,6,1,1,4,3,6,4,1,2,1,1,6,6,1
s161,6,6,6,6,3,1,3,6,3,6,1,6,6,6,3,1,6,6,6,6,3,6,6,3,6,3,3,6,6,6
s162,3,2,2,2,4,1,1,1,1,3,3,7,2,3,3,3,6,4,1,3,3,1,1,3,3,1,3,3,6,1
s163,6,6,6,6,1,1,1,7,3,6,1,6,6,6,3,1,6,6,6,1,6,6,6,1,6,3,1,3,6,6
s164,1,1,1,2,3,1,1,1,3,3,1,1,2,3,3,1,3,1,1,3,3,2,6,1,1,1,3,3,1,3
s165,3,1,1,2,2,1,1,1,4,6,3,4,1,6,3,1,4,6,6,4,1,6,4,4,6,1,4,3,4,3
s166,7,1,1,1,1,1,1,1,1,1,2,7,6,1,1,1,2,1,1,1,1,6,7,1,6,1,1,1,6,1
s167,3,3,1,2,2,1,1,1,3,6,1,1,6,3,3,3,6,6,6,3,3,1,1,1,1,1,1,3,1,3
s168,6,6,6,6,1,1,1,6,1,6,1,6,6,1,6,1,6,6,1,1,1,6,1,6,1,1,1,6,1,6
s169,1,1,1,1,1,1,1,1,1,1,1,1,1,7,3,1,6,1,1,1,1,4,4,1,1,1,1,1,1,1
s170,4,1,4,3,1,1,4,1,4,1,1,1,6,4,3,1,6,6,1,4,1,1,1,4,1,3,1,1,1,1
s171,6,6,6,6,1,1,4,3,3,6,1,6,6,3,3,4,6,6,6,1,3,6,6,3,6,3,6,3,6,6
s172,1,1,1,2,1,1,1,1,1,1,2,1,6,1,3,1,6,1,6,3,6,2,1,1,1,1,1,3,1,1
s173,6,6,6,6,1,1,6,6,6,6,1,6,6,6,3,1,6,6,6,6,1,6,6,3,2,1,6,6,6,6
s174,1,1,1,2,1,1,1,2,1,2,2,7,6,1,3,1,2,1,1,1,3,1,7,1,2,1,1,1,6,1
s175,2,1,1,2,1,1,1,1,1,1,2,1,6,1,1,1,6,1,1,2,1,1,6,1,1,1,1,3,1,1
s176,6,6,6,6,6,1,1,6,6,6,6,6,6,6,6,6,6,6,6,6,6,6,6,6,1,2,1,6,6,6
s177,3,1,2,3,3,1,4,1,1,1,1,1,1,3,3,3,6,1,1,3,1,6,4,1,1,1,3,3,1,1
s178,2,1,2,2,1,1,4,1,1,1,1,1,6,1,1,1,6,6,6,1,1,4,4,1,1,1,1,1,1,1
s179,6,6,6,6,6,1,1,6,6,6,1,6,6,6,3,6,6,6,6,1,6,6,6,4,1,2,3,6,6,6
s180,3,1,4,3,4,1,4,2,4,3,1,3,3,4,3,3,6,3,3,1,3,4,3,4,6,3,4,3,4,4
s181,3,3,3,3,4,1,4,3,3,6,1,4,3,3,3,3,6,3,3,3,3,3,4,3,6,3,3,3,4,3
s182,7,1,7,1,7,1,1,1,1,1,7,1,2,7,3,1,7,1,1,1,7,4,1,7,1,1,1,3,7,1
s183,6,6,4,6,1,1,4,6,4,6,1,6,6,6,4,6,6,6,6,3,6,6,6,4,3,2,6,6,6,6
s184,7,1,1,1,1,1,1,1,1,1,3,1,3,4,3,3,6,1,1,4,2,1,1,4,1,1,4,3,4,3
s185,6,6,6,6,1,1,1,6,1,6,1,6,6,6,1,1,6,6,6,1,6,6,6,1,2,1,1,4,6,6
s186,1,1,1,1,1,1,1,1,7,1,1,1,4,1,1,1,6,1,1,1,2,7,7,4,1,1,1,1,7,1
s187,1,1,2,2,1,1,4,2,4,3,1,4,2,4,2,1,4,1,1,1,2,6,6,4,1,4,4,4,1,3
s188,1,1,1,3,1,1,4,1,1,7,1,7,6,1,3,3,6,3,1,1,3,2,1,3,1,3,3,3,6,3
s189,3,3,3,3,3,1,4,3,3,3,3,3,6,4,3,3,4,1,1,3,3,3,4,3,3,3,3,3,1,3
s190,6,1,1,1,1,1,4,1,4,6,1,1,1,1,3,1,4,1,1,1,1,6,6,1,4,1,4,3,6,1
s191,6,6,6,6,1,1,1,1,1,6,1,6,6,6,1,1,6,6,6,1,6,6,6,1,1,1,1,6,6,6
s192,1,1,1,1,1,1,1,1,1,1,1,1,2,1,7,1,6,1,1,3,1,1,4,1,1,1,1,3,1,1
s193,3,1,2,1,4,1,4,1,3,1,3,3,4,3,3,3,3,4,2,3,3,1,1,1,3,3,3,3,4,3
s194,6,6,6,6,1,1,1,1,6,1,6,6,6,6,1,1,6,6,6,6,6,6,6,3,1,1,6,6,6,6
s195,1,6,6,1,1,1,1,3,1,6,6,1,1,3,3,1,6,1,1,1,3,1,1,1,2,1,1,3,1,6
s196,6,1,1,6,1,1,1,1,1,6,1,1,6,1,1,1,6,1,6,1,6,6,6,1,1,1,1,1,1,6
s197,6,1,1,6,1,1,1,1,1,3,1,6,6,1,3,1,6,1,2,3,3,1,6,1,1,1,2,3,6,1
s198,1,1,1,6,1,1,1,1,1,6,6,1,6,6,3,1,6,1,1,3,1,6,6,1,1,1,1,3,1,1
s199,1,1,1,2,1,1,4,1,1,1,1,1,4,1,3,4,6,1,1,4,1,1,1,1,1,3,1,1,1,1
s200,3,1,1,3,3,1,4,3,4,3,3,4,6,3,3,3,4,4,4,3,3,1,4,3,3,1,3,3,4,3
s201,6,6,6,6,3,1,1,6,3,6,6,6,6,6,3,3,6,6,6,3,6,6,6,3,3,1,3,3,6,6
s202,3,1,1,3,1,1,4,1,3,3,3,6,3,3,3,3,6,1,1,1,3,1,4,1,3,3,3,3,1,3
s203,3,6,2,3,4,1,4,3,4,6,4,6,6,6,4,4,6,6,6,3,3,6,4,3,3,3,4,3,4,3
s204,6,6,6,6,1,1,1,6,6,6,6,6,6,6,6,1,6,6,6,6,6,6,6,6,2,2,4,6,6,6
s205,7,1,6,1,1,1,1,1,1,6,6,1,6,2,3,1,6,1,1,1,1,6,1,1,6,1,1,1,6,1
s206,6,6,6,6,1,1,1,1,1,6,6,6,6,3,3,1,6,3,6,1,6,1,6,3,1,3,3,6,6,6
s207,2,1,1,2,1,1,1,1,1,3,3,1,2,1,3,1,2,1,1,1,2,1,1,4,1,1,1,1,1,1
s208,3,1,3,3,3,1,4,3,3,6,3,3,3,3,3,3,3,4,3,3,3,4,1,3,3,3,3,3,3,3
s209,6,6,1,6,1,1,1,1,1,6,1,1,1,1,2,1,6,6,6,1,1,6,6,1,1,1,1,3,6,1
s210,6,6,6,6,1,1,1,6,1,6,1,6,6,6,6,1,6,6,6,6,6,6,6,6,1,2,1,6,6,6
s211,1,6,6,6,1,1,1,1,1,6,6,7,6,2,3,1,2,1,1,1,1,1,6,1,2,1,1,3,6,6
s212,1,1,2,1,7,1,4,1,7,1,4,1,4,1,1,3,7,4,1,1,2,1,1,1,7,1,1,3,1,1
s213,7,7,1,7,1,1,4,1,6,1,1,1,6,1,3,4,6,1,1,1,1,6,1,1,1,1,4,1,1,1
s214,6,6,6,6,2,1,1,6,1,6,1,6,6,3,3,6,6,6,6,1,3,6,6,3,6,3,6,3,6,6
s215,6,6,3,6,1,1,1,1,1,1,2,1,6,6,3,1,6,6,6,1,6,6,1,1,1,1,1,1,1,6
s216,2,1,1,1,1,1,1,1,1,1,1,1,2,1,3,1,7,1,1,1,2,7,2,1,1,1,1,1,1,1
s217,6,6,6,6,1,1,1,3,3,6,1,6,6,6,3,3,6,6,6,3,3,6,6,1,6,6,3,3,6,3
s218,6,1,3,6,1,1,1,1,1,6,1,6,6,1,3,1,6,1,6,1,1,1,6,3,1,2,1,1,6,6
s219,6,6,6,6,1,1,1,6,6,6,6,6,6,6,6,6,6,6,6,1,6,6,6,3,3,2,6,6,6,6
s220,1,1,1,2,1,1,4,1,1,1,1,1,3,1,3,1,6,1,1,1,1,1,4,1,1,1,1,3,1,1
s221,1,1,1,1,1,1,4,1,1,1,1,1,2,1,3,3,6,6,1,3,1,1,1,1,1,1,3,3,1,3
s222,6,1,1,6,1,1,1,1,1,6,3,1,6,3,3,3,6,1,1,3,3,1,1,1,1,1,2,3,1,1
s223,3,1,2,1,4,1,4,1,1,1,1,3,4,4,3,3,6,4,1,3,3,1,1,1,3,3,3,3,4,3
s224,3,6,3,3,1,1,4,1,4,6,1,6,6,4,3,4,6,6,1,4,3,6,4,1,6,3,4,3,4,3
s225,6,1,3,6,3,1,4,3,3,6,1,1,6,3,3,3,6,1,1,3,6,6,1,1,1,1,3,3,1,6
s226,1,1,1,6,1,1,1,1,1,7,1,1,6,1,1,1,1,1,6,1,1,1,1,1,1,1,1,1,1,1
s227,6,6,6,6,1,1,1,7,1,6,6,6,6,3,3,6,6,3,6,2,3,6,6,3,3,3,1,6,1,6
s228,1,1,1,1,1,1,1,1,1,1,1,1,2,4,3,2,6,1,1,1,1,4,4,4,1,1,1,3,1,1
s229,6,1,1,1,1,1,1,1,1,1,1,7,6,1,1,1,6,1,1,1,1,6,7,1,1,1,1,1,1,6
s230,3,1,3,3,4,1,4,3,4,3,3,3,4,4,3,3,6,1,1,3,3,3,3,4,3,3,3,3,1,3
s231,3,1,1,3,2,1,1,1,3,1,1,3,6,4,3,1,4,1,1,3,3,4,4,4,3,1,3,3,2,3
s232,1,1,1,2,1,1,1,1,1,1,1,1,6,2,1,1,6,1,1,1,2,1,1,1,1,1,1,1,1,1
s233,6,6,6,6,1,1,6,1,6,6,6,6,6,6,3,1,6,6,6,1,6,6,6,4,1,3,4,6,6,6
s234,3,1,1,3,4,1,1,1,1,6,1,1,1,6,4,1,6,6,1,1,6,6,4,4,1,1,4,6,4,2
s235,6,6,6,6,1,1,4,6,1,6,1,6,6,6,6,6,6,6,6,1,3,6,6,4,6,3,6,6,6,6
s236,6,6,6,6,6,1,1,1,6,6,6,6,6,6,3,1,6,6,6,6,1,6,6,3,6,2,1,6,1,6
s237,6,1,1,7,1,1,4,7,4,1,1,7,6,6,1,4,6,6,1,6,3,6,6,3,2,3,6,1,6,1
s238,6,1,6,6,2,1,2,1,1,6,1,6,6,6,1,2,6,1,6,2,3,1,6,2,1,1,1,6,6,6
s239,2,1,1,4,1,1,1,1,1,3,1,1,1,4,3,1,7,4,1,1,2,1,1,1,1,1,1,1,1,1
s240,2,1,2,2,4,1,4,1,4,3,1,4,6,4,3,4,6,4,2,3,1,1,1,4,2,3,4,3,4,3
s241,6,6,6,6,1,1,2,6,1,6,6,6,6,6,1,6,6,6,6,1,6,6,6,6,1,1,1,6,6,6
s242,6,6,6,6,1,1,1,6,1,1,6,6,6,6,1,1,6,6,6,1,6,1,6,1,2,1,1,1,1,6
s243,1,1,2,1,1,1,1,1,1,1,2,1,7,1,2,1,7,1,1,1,2,1,1,1,2,1,1,2,1,1
s244,6,6,6,6,1,1,1,6,1,6,1,6,6,6,1,1,6,6,6,1,6,6,6,1,1,1,6,1,1,6
s245,7,6,1,1,1,1,1,1,1,6,1,7,3,6,3,1,6,1,1,1,2,6,1,1,1,3,1,1,1,1
s246,3,1,1,3,3,1,4,1,3,6,1,4,6,3,3,1,6,1,1,3,3,3,4,4,3,1,3,3,3,3
s247,6,6,6,6,1,1,4,6,6,6,6,6,6,3,3,1,6,6,6,3,6,6,6,3,2,2,6,6,6,6
s248,6,6,6,6,6,1,4,6,6,6,1,6,6,4,4,6,6,6,6,6,3,6,4,4,4,3,4,6,6,6
s249,1,1,1,1,1,1,1,1,1,1,1,1,2,2,3,2,1,1,1,1,1,1,1,1,1,1,1,1,1,1
s250,6,1,1,6,1,1,1,1,1,6,2,1,6,6,3,1,6,1,6,1,1,1,6,1,2,1,1,1,1,1
s251,3,1,1,1,1,1,1,1,1,3,1,1,6,1,3,3,6,1,1,1,1,3,4,1,1,1,3,3,1,3
s252,7,1,1,7,1,1,4,7,6,6,3,7,6,3,3,1,6,6,1,6,3,6,6,3,2,3,1,3,6,3
s253,3,1,1,2,1,1,4,1,1,7,1,1,6,4,3,3,6,1,2,3,3,4,1,3,1,1,1,3,1,3
s254,6,6,6,6,1,1,1,1,3,6,6,7,6,6,3,1,6,6,6,1,3,6,3,3,3,1,6,3,6,6
s255,2,1,4,1,4,1,1,1,1,1,1,1,2,4,3,1,6,1,1,1,2,1,1,1,1,3,1,1,1,1
s256,6,1,6,6,1,1,1,1,2,6,6,6,6,1,3,1,2,6,1,1,6,6,6,3,2,2,2,3,6,6
s257,1,6,1,7,1,1,1,1,1,6,1,7,6,1,3,1,2,1,6,1,6,1,1,3,1,1,2,3,1,6
s258,1,1,6,3,1,1,1,1,1,3,6,3,6,1,3,1,6,1,1,1,3,1,1,3,6,1,3,3,1,1
s259,6,6,3,6,1,1,1,6,1,6,3,1,6,6,3,1,6,6,1,1,3,1,6,1,1,1,1,3,6,6
s260,7,1,1,2,1,1,1,2,1,2,2,7,6,3,1,1,6,1,1,1,3,1,7,1,1,1,1,3,6,1
s261,6,1,1,6,1,1,1,1,1,6,2,1,6,1,1,1,2,1,1,1,1,1,6,1,1,1,1,2,6,6
s262,6,6,1,6,1,1,1,6,1,6,1,6,6,1,3,1,6,6,6,1,6,6,6,1,1,1,1,1,6,6
s263,6,6,3,6,1,1,4,1,4,6,6,6,6,3,4,4,4,3,6,1,3,6,3,4,3,3,4,6,6,6
s264,3,1,7,4,7,1,4,1,7,1,1,1,6,7,1,3,6,1,7,3,1,7,1,4,1,1,1,1,1,1
s265,6,6,6,6,1,1,1,1,1,6,6,6,6,6,3,1,6,6,6,6,6,6,6,3,1,1,1,1,6,6
s266,1,1,2,1,1,1,1,1,1,3,3,1,2,1,3,3,6,1,1,1,1,1,1,3,1,3,1,1,1,1
s267,1,1,6,6,1,1,1,7,6,6,1,1,6,1,6,1,6,6,6,1,3,6,6,6,1,2,1,6,1,6
s268,1,1,2,2,1,1,4,1,1,1,6,1,2,6,3,1,6,1,1,1,1,2,6,6,6,7,3,1,1,3
s269,6,6,6,6,1,1,6,6,6,6,1,6,6,6,6,6,6,6,6,6,6,6,6,6,6,1,6,6,6,6
s270,2,1,2,1,1,1,1,1,1,1,1,1,2,4,3,3,6,1,1,1,1,1,1,1,1,1,1,3,1,4
s271,7,7,2,7,2,1,2,1,2,3,3,3,2,3,3,1,3,1,2,3,3,1,2,3,1,2,1,3,1,1
s272,1,2,2,3,1,1,1,2,3,3,3,7,6,2,3,3,6,3,1,3,1,4,2,3,1,3,3,3,1,3
s273,6,6,6,6,1,1,4,1,1,6,6,1,6,6,3,1,6,1,6,6,6,6,6,3,1,6,1,3,6,6
s274,6,1,2,1,1,1,1,1,1,6,2,1,6,1,3,1,6,2,1,2,1,6,1,1,2,1,1,1,1,1
s275,6,6,6,6,6,1,1,1,6,6,1,6,6,6,1,6,6,6,6,6,1,6,6,3,1,2,1,6,6,6
s276,6,2,2,3,3,1,3,2,3,6,6,3,6,2,3,3,6,6,2,1,3,4,6,3,2,3,3,3,1,3
s277,1,1,6,6,1,1,1,1,1,7,1,1,6,7,1,1,6,1,1,1,1,1,6,1,1,1,1,1,1,1
s278,6,1,2,6,2,1,1,1,3,6,3,6,3,3,3,3,6,6,1,3,6,4,1,1,3,1,3,3,1,3
s279,6,6,1,6,1,1,4,6,1,6,1,1,1,6,2,1,6,6,1,6,6,1,6,6,1,1,1,1,1,1
s280,1,1,1,1,1,1,1,1,1,1,1,1,1,1,1,1,6,1,1,1,1,1,6,1,1,1,1,1,1,1
s281,1,1,2,2,1,1,1,1,1,1,2,1,4,1,1,2,3,1,1,1,3,1,1,1,1,1,3,3,4,1
s282,3,1,4,4,4,1,4,1,4,3,6,4,3,4,3,4,6,1,1,3,3,1,1,1,3,1,3,3,4,4
s283,3,6,4,1,1,1,4,1,4,1,1,1,1,1,1,1,4,1,6,3,1,1,4,3,1,1,3,3,1,3
s284,6,1,1,2,4,1,1,1,4,6,1,1,1,6,4,1,1,6,1,4,1,6,1,1,1,1,4,4,6,1
s285,6,6,3,3,2,1,2,3,1,1,3,6,2,3,3,1,4,6,1,2,1,3,6,3,3,3,3,3,6,6
s286,6,6,3,6,6,1,4,1,1,6,6,6,6,6,6,1,6,6,6,6,3,6,6,6,1,1,6,6,6,6
s287,6,6,3,6,1,1,1,1,1,6,6,6,6,6,3,1,6,6,1,1,3,1,1,3,2,2,1,3,6,1
s288,6,1,1,1,1,1,1,1,1,1,1,7,6,6,1,1,6,1,1,1,1,6,2,1,1,1,1,1,6,1
s289,7,1,1,7,6,1,1,7,6,6,6,1,6,6,6,1,6,1,1,1,6,6,1,6,6,1,1,6,1,6
s290,2,1,1,1,1,1,1,1,1,1,1,1,1,1,3,1,7,6,1,1,1,4,4,1,1,1,1,1,1,1
s291,1,1,1,7,1,1,1,2,1,6,1,7,6,3,1,1,4,1,6,3,1,1,1,1,2,1,1,3,1,1
s292,3,6,1,3,4,1,4,1,1,6,1,1,4,1,3,1,3,1,1,3,1,1,4,1,1,3,1,3,1,1
s293,1,1,1,2,1,1,1,1,1,2,1,1,1,2,1,1,2,1,1,1,1,1,1,1,1,1,1,3,6,1
s294,6,6,6,6,1,1,1,6,1,6,6,6,6,6,1,1,6,6,6,1,6,6,1,3,1,1,1,3,1,6
s295,1,1,1,2,1,1,1,1,1,1,1,1,1,6,1,1,6,6,1,1,1,1,4,1,1,1,1,1,1,1
s296,1,1,2,1,1,1,4,1,1,1,1,1,1,6,3,1,7,1,6,1,1,1,4,1,1,1,1,3,1,1
s297,3,1,4,3,4,1,4,1,4,3,1,3,3,4,3,3,6,1,4,3,3,4,1,3,3,3,3,3,4,3
s298,6,1,1,6,6,1,4,1,1,1,1,6,6,1,3,1,6,6,1,1,6,1,1,1,2,6,1,1,1,1
s299,6,6,3,6,1,1,4,6,4,6,1,6,6,4,4,6,6,6,6,6,3,6,4,4,3,3,4,4,6,6
s300,6,6,6,6,1,1,1,6,6,6,1,6,6,1,6,6,6,6,1,1,1,6,6,1,6,1,1,6,6,1
s301,6,6,1,7,1,1,1,3,1,6,1,1,6,6,3,1,6,6,6,1,1,6,6,3,1,2,1,3,6,6
s302,1,1,6,6,1,1,1,1,1,6,6,6,6,3,3,1,6,6,1,1,1,1,6,3,1,1,3,1,6,6
s303,1,1,1,1,1,1,1,1,1,1,2,1,1,6,1,1,7,1,1,1,6,1,2,1,7,1,2,1,1,1
s304,2,1,2,2,1,1,1,1,1,1,2,1,2,2,2,1,6,1,1,1,1,1,1,1,2,1,1,1,1,2
s305,6,6,6,7,1,1,1,7,1,6,6,7,6,1,3,6,6,1,6,1,1,1,6,1,6,1,1,6,1,6
s306,2,1,1,1,7,1,1,1,1,1,1,1,1,7,3,1,6,1,7,1,1,1,1,1,1,1,1,1,1,1
s307,1,1,1,1,1,1,1,1,1,1,1,1,1,1,1,1,1,1,1,1,1,1,1,1,1,1,1,1,1,1
s308,6,1,1,6,1,1,1,1,1,6,1,1,6,6,1,1,6,6,1,1,6,1,6,1,1,1,1,1,6,6
s309,1,1,1,1,1,1,1,1,1,1,1,1,1,1,1,1,6,1,1,1,1,4,1,1,1,1,1,1,1,1
s310,6,6,6,6,1,1,1,3,3,6,1,6,6,6,3,3,6,6,6,1,3,1,6,3,3,3,3,3,6,6
s311,6,6,6,6,1,1,1,6,1,1,1,6,6,6,1,1,6,6,1,1,6,1,6,3,1,1,1,1,1,6
s312,6,6,6,6,1,1,1,3,1,6,6,6,6,3,3,1,6,6,6,2,6,6,6,3,2,3,2,3,6,6
s313,6,6,6,6,1,1,4,6,4,6,6,6,6,4,3,4,6,6,6,6,6,6,6,4,1,6,6,3,6,6
s314,6,1,6,6,1,1,1,7,1,1,1,1,6,6,3,1,2,6,1,1,3,6,6,1,2,1,1,3,1,6
s315,1,1,6,3,3,1,4,1,3,1,3,1,3,3,3,3,4,1,1,1,3,1,1,1,2,1,1,3,6,1
s316,1,6,1,6,1,1,1,1,1,6,1,1,6,6,3,1,6,6,1,1,6,6,6,1,1,1,1,1,6,6
s317,2,1,1,2,1,1,1,1,1,1,3,1,2,3,3,2,6,1,1,3,3,2,2,1,7,3,1,3,1,1
s318,1,6,6,7,1,1,1,1,1,1,6,6,6,1,3,1,6,6,6,1,3,6,6,1,1,1,1,3,6,6
s319,6,6,6,6,1,1,1,6,3,6,1,6,6,6,3,6,6,6,6,1,6,6,6,3,2,2,1,6,6,6
s320,6,1,2,2,1,1,4,1,1,1,1,1,6,1,3,1,4,1,1,6,1,6,6,1,1,3,2,3,1,3
s321,2,1,1,1,1,1,1,1,1,1,6,1,6,1,4,4,6,1,6,1,6,6,1,4,6,1,2,3,1,1
s322,1,1,1,1,7,1,4,1,1,1,1,1,4,1,3,1,7,1,1,1,1,1,4,1,1,7,1,1,1,1
s323,6,6,6,6,3,1,4,6,3,6,6,6,6,6,3,3,6,6,6,3,6,6,6,3,3,6,3,3,1,6
s324,6,1,1,1,1,1,1,1,1,1,1,1,6,1,3,3,6,1,1,3,1,1,6,1,1,1,1,3,1,1
s325,3,1,3,4,4,1,4,2,4,3,1,4,4,4,3,4,6,4,1,3,3,4,3,4,6,6,3,3,4,3
s326,7,1,2,1,1,1,1,1,1,7,2,7,1,1,1,1,7,1,1,1,1,6,6,1,2,1,2,3,1,6
s327,6,6,6,6,1,1,6,6,1,6,6,6,6,6,3,6,6,6,6,6,1,6,6,6,1,1,1,6,6,1
s328,1,1,2,1,1,1,1,1,1,7,2,1,2,2,1,1,6,1,1,1,1,1,1,1,1,1,1,1,6,1
s329,6,1,6,6,1,1,1,1,1,6,6,6,6,6,1,1,6,6,6,1,6,6,6,1,1,1,1,1,1,6
s330,6,1,1,2,1,1,1,1,1,1,1,1,6,2,3,2,6,1,1,4,3,6,6,3,2,1,1,1,6,1
s331,3,6,3,4,4,1,4,3,4,6,4,6,6,1,4,1,4,6,6,4,6,6,4,4,4,1,4,4,4,1
s332,6,7,6,7,6,1,1,7,6,6,1,7,6,1,3,6,6,6,6,6,3,6,6,6,1,2,1,1,1,1
s333,1,1,4,1,1,1,4,1,1,3,1,1,4,1,1,1,7,1,1,7,1,4,4,1,1,1,1,1,1,1
s334,6,6,6,6,4,1,4,6,6,6,6,6,6,6,3,6,6,6,6,6,6,6,6,3,6,6,6,6,6,6
s335,6,6,1,6,1,1,1,6,1,6,6,6,6,1,3,1,6,6,6,1,6,1,6,3,1,1,1,1,1,6
s336,6,6,6,6,6,1,1,6,6,6,6,6,6,6,1,6,6,6,1,1,6,6,6,6,1,6,6,6,6,6
s337,6,6,6,6,1,1,1,1,1,6,1,6,6,1,3,6,6,6,1,1,1,1,6,3,1,2,1,6,6,6
s338,3,1,1,7,1,1,1,1,1,3,1,7,6,3,3,1,6,3,1,3,3,1,3,3,3,1,3,3,6,6
s339,6,6,6,6,1,1,1,6,1,6,1,6,6,1,3,1,6,6,6,1,6,6,6,1,1,1,6,1,1,6
s340,6,1,1,1,1,1,1,2,1,6,1,1,1,6,6,1,6,6,1,1,6,6,6,1,6,1,1,1,1,6
s341,6,6,6,6,1,1,1,1,1,6,6,6,6,6,3,1,2,6,6,6,3,6,6,1,1,1,1,3,6,6
s342,1,1,1,1,4,1,1,1,1,1,1,1,4,1,1,1,1,1,1,1,1,1,4,1,1,1,1,1,1,1
s343,6,1,6,7,1,1,1,1,1,6,2,1,6,1,1,1,2,6,1,1,1,1,6,1,1,1,1,1,6,1
s344,6,6,6,6,1,1,1,1,3,6,1,1,6,6,3,1,4,6,6,1,1,6,6,3,3,2,3,3,6,6
s345,6,1,1,3,1,1,1,1,3,6,1,3,6,1,3,3,6,1,1,1,3,1,6,3,3,3,3,3,6,3
s346,6,6,3,6,3,1,3,3,3,6,6,6,6,6,3,3,6,6,6,6,3,6,6,3,3,3,3,3,6,3
s347,6,1,3,3,1,1,4,1,1,6,1,6,6,6,3,3,6,1,1,3,6,6,1,1,6,2,3,3,1,6
s348,7,1,1,1,1,1,1,1,1,7,1,1,6,3,3,1,3,1,1,1,1,1,1,1,1,1,1,3,6,1
s349,3,1,1,4,1,1,4,1,4,1,4,1,6,6,4,4,6,1,6,1,6,1,4,1,1,1,1,1,1,1
s350,6,6,3,6,3,1,4,6,3,6,1,6,6,6,3,6,6,6,6,6,3,6,6,3,3,3,6,4,6,6
s351,6,6,3,6,4,1,4,3,3,6,6,3,6,4,3,3,6,3,6,3,3,6,3,4,3,3,3,6,6,6
s352,1,1,2,1,1,1,1,1,1,1,1,1,6,1,1,1,2,1,1,1,1,1,1,1,1,1,1,1,1,1
s353,6,6,6,6,6,1,1,6,6,6,1,6,6,6,6,6,6,6,6,1,6,6,6,6,6,3,6,6,6,6
s354,1,1,1,6,1,1,1,1,1,6,1,7,6,6,1,1,6,1,1,1,1,1,1,1,1,1,1,1,6,1
s355,6,6,1,6,1,1,1,1,1,6,3,6,6,6,3,1,6,6,6,3,3,1,6,3,1,2,1,6,6,6
s356,1,2,1,7,1,1,1,1,1,7,2,1,6,1,1,1,6,1,1,1,1,2,1,1,1,1,1,1,6,1
s357,7,1,1,2,1,1,1,1,1,7,1,1,6,1,3,1,2,1,2,1,1,1,2,1,1,1,1,1,6,1
s358,3,3,2,3,4,1,1,1,3,3,3,1,3,3,3,3,6,1,1,3,3,1,1,1,2,1,3,3,1,1
s359,6,6,6,6,6,1,1,1,1,6,6,6,6,1,3,1,6,6,6,6,1,6,6,6,6,2,1,1,6,6
s360,6,6,6,6,6,1,4,6,6,6,1,6,6,6,3,6,6,6,6,1,6,6,6,4,3,6,3,6,6,6
s361,6,6,3,6,6,1,4,6,3,6,1,6,6,4,3,1,6,6,6,3,6,6,6,3,3,3,3,3,6,6
s362,6,6,1,6,1,1,6,1,6,6,6,6,6,1,3,1,6,6,6,6,1,6,1,6,1,2,6,6,6,6
s363,6,6,6,6,1,1,1,6,6,6,6,6,6,6,6,1,6,6,6,6,6,6,6,6,6,1,1,6,1,6
s364,6,1,1,3,1,1,4,1,1,1,1,6,6,6,1,1,6,6,1,1,6,6,6,1,1,1,1,3,1,3
s365,6,6,1,7,1,1,1,1,1,6,6,7,1,1,1,1,6,1,1,1,1,1,6,6,6,1,1,6,6,6
s366,2,1,1,2,1,1,1,1,1,1,1,1,2,1,3,1,2,1,1,1,1,2,1,1,1,1,1,1,2,1
s367,1,1,4,1,1,1,1,1,1,3,1,1,1,3,3,3,3,4,1,1,1,4,1,3,1,1,3,1,6,1
s368,6,6,2,7,2,1,4,1,4,6,1,6,6,3,3,4,6,1,1,1,3,6,6,1,2,3,4,3,1,3
s369,6,1,6,3,1,1,1,1,1,1,1,6,1,1,1,1,6,1,6,1,1,1,6,1,6,1,1,3,1,6
s370,6,6,1,6,6,1,6,6,1,6,6,6,6,6,1,6,6,6,6,1,6,6,6,6,1,1,1,6,6,6
s371,6,6,3,6,4,1,4,3,3,6,6,6,6,6,4,4,6,6,6,1,3,6,3,3,4,6,6,6,6,6
s372,1,6,1,3,1,1,1,1,1,6,1,7,6,2,1,1,6,6,1,1,3,1,7,4,6,3,1,3,6,1
s373,6,1,1,1,1,1,1,1,1,2,1,1,1,1,3,1,1,1,1,1,3,1,1,3,1,1,1,1,1,1
s374,6,1,6,6,1,1,4,1,1,6,6,6,6,6,6,3,6,6,1,6,6,6,6,1,6,3,1,3,1,6
s375,1,1,1,1,1,1,1,1,1,1,6,1,6,1,1,2,3,1,1,1,1,1,1,1,1,1,1,3,1,1
s376,7,1,1,1,1,1,4,1,1,1,1,1,1,4,2,1,6,1,1,4,2,1,1,4,1,1,1,4,1,1
s377,2,1,2,3,1,1,1,1,1,6,1,1,6,1,3,3,6,1,6,3,1,1,1,1,1,3,3,3,1,3
s378,1,1,1,2,1,1,1,1,1,1,2,1,1,2,2,1,1,1,1,1,1,1,1,1,1,1,1,1,1,1
s379,1,1,1,1,1,1,1,1,1,1,2,7,6,1,1,1,3,1,1,1,1,1,1,1,1,1,1,1,6,1
s380,6,7,6,7,1,1,1,1,1,6,2,7,6,3,1,1,2,6,6,2,3,1,6,1,1,1,1,2,1,7
s381,3,3,3,3,4,1,4,3,4,6,4,6,3,4,3,4,4,6,1,4,3,4,4,4,3,3,4,3,4,3
s382,6,6,3,6,1,1,1,6,6,6,1,6,6,6,3,6,6,6,6,1,6,6,6,6,1,3,4,6,6,6
s383,6,1,1,6,1,1,1,1,1,1,1,1,1,1,1,1,6,1,6,1,1,6,2,1,1,1,1,1,6,1
s384,6,6,6,6,1,1,6,6,1,6,6,1,6,1,1,1,6,6,6,1,3,6,1,3,1,6,6,6,6,6
s385,1,7,6,7,6,1,1,1,6,1,6,7,6,4,6,1,6,1,1,1,1,6,6,6,1,1,1,6,6,6
s386,6,6,6,6,2,1,2,6,1,6,1,6,6,3,3,6,6,6,6,6,3,6,6,6,3,2,1,6,6,6
s387,1,1,6,6,1,1,1,7,1,1,1,1,6,6,6,1,6,6,6,1,1,1,6,1,1,1,1,1,1,1
s388,1,1,1,2,1,1,1,1,1,3,1,1,2,4,3,1,7,1,1,1,1,1,4,4,1,1,1,3,1,3
s389,6,6,6,6,1,1,1,6,6,6,6,6,6,6,3,6,6,6,6,6,6,6,6,3,2,2,1,3,6,6
s390,6,6,6,6,1,1,1,6,6,1,1,6,6,6,1,6,6,6,6,6,3,6,6,6,1,1,6,6,6,6
s391,1,6,1,6,1,1,1,1,1,6,1,7,6,3,1,1,3,1,1,1,1,1,1,1,1,1,1,1,6,1
s392,6,6,3,6,1,1,1,6,6,6,6,6,6,6,6,1,6,6,1,1,6,6,6,6,6,6,6,6,6,6
s393,6,6,6,6,3,1,4,3,3,6,1,6,6,6,3,3,6,6,6,3,6,6,6,3,6,3,3,3,6,6
s394,1,1,2,1,1,1,1,2,1,1,1,1,6,2,3,1,1,6,1,1,1,1,6,1,1,1,1,3,1,1
s395,6,1,6,2,4,1,4,1,6,3,3,6,6,3,3,2,6,1,1,3,3,6,6,4,6,1,3,3,1,3
s396,6,1,1,7,1,1,1,1,1,6,6,7,6,1,3,1,6,1,1,1,3,1,6,1,1,1,1,3,1,6
s397,6,6,6,6,3,1,3,3,3,6,1,6,6,6,3,3,6,6,6,3,6,6,6,3,3,3,3,3,6,6
s398,6,6,6,6,1,1,6,6,6,6,6,6,6,6,1,6,6,1,6,1,3,1,6,1,1,2,6,1,6,6
s399,3,1,4,2,4,1,4,2,3,3,6,4,6,6,3,3,6,6,1,3,3,1,1,4,6,3,3,3,4,3
s400,7,1,1,2,1,1,1,1,1,6,2,1,6,2,1,1,2,1,1,1,1,1,1,1,1,1,1,3,6,1
