"model","framing","lam","beta","beta_se","r","amp"
"DeepSeek-R1-Distill-Llama-8B","assistant",4.27241072380952,0.896002079769824,0.0446064791234916,0.644689276026421,1.38982004678654
"DeepSeek-R1-Distill-Llama-8B","direct",3.67504926857161,1.27538404623876,0.0446064791234923,0.806712244145442,1.58096527664541
"DeepSeek-R1-Distill-Llama-8B","observer",3.67423370857143,0.931736102653546,0.0446064791234916,0.727935046481173,1.27997148530977
"DeepSeek-R1-Distill-Llama-8B","outputs",4.2718450152381,1.09965831609667,0.0446064791234916,0.747285089091265,1.47153788045458
"DeepSeek-R1-Distill-Llama-8B","pda",3.50483107238095,0.899544928273635,0.0446064791234916,0.580404662118427,1.54985820580829
"DeepSeek-R1-Distill-Llama-8B","person",3.67748227428571,0.897674526967682,0.0446064791234916,0.682737775512626,1.31481596472917
"DeepSeek-R1-Distill-Qwen-7B","assistant",5.94750488761905,0.29643267263869,0.039599049484858,0.386876181236403,0.76622104698028
"DeepSeek-R1-Distill-Qwen-7B","direct",5.86235035619077,2.39790490610861,0.0395990494848581,0.881513927884584,2.72021216030348
"DeepSeek-R1-Distill-Qwen-7B","observer",5.84797381333333,1.32201446892482,0.039599049484858,0.836107805832716,1.58115312367903
"DeepSeek-R1-Distill-Qwen-7B","outputs",6.05668570095238,0.457575175430076,0.039599049484858,0.602660845362222,0.759258178047149
"DeepSeek-R1-Distill-Qwen-7B","pda",5.92656101904762,0.632294512601722,0.039599049484858,0.549301820016165,1.15108759804057
"DeepSeek-R1-Distill-Qwen-7B","person",6.19552370285714,0.893778264296168,0.039599049484858,0.723515330088343,1.23532733464961
"EXAONE-3.5-7.8B-Instruct","assistant",6.08175804761905,0.550232331051979,0.024447017272932,0.733462548019093,0.750184631155366
"EXAONE-3.5-7.8B-Instruct","direct",3.97211865333353,1.01106032124251,0.0244470172729317,0.886799383688118,1.140122940814
"EXAONE-3.5-7.8B-Instruct","observer",4.28688284952381,1.16774627879965,0.024447017272932,0.933995577569233,1.25026960174562
"EXAONE-3.5-7.8B-Instruct","outputs",4.0156825047619,1.0679245119938,0.024447017272932,0.866632853953975,1.23226866731562
"EXAONE-3.5-7.8B-Instruct","pda",4.6084791352381,0.845089898357028,0.024447017272932,0.830545336855822,1.01751206208232
"EXAONE-3.5-7.8B-Instruct","person",4.35360980380952,1.35794665855501,0.024447017272932,0.8987139195357,1.5109887908007
"Falcon3-10B-Instruct","assistant",5.56197838285714,0.776154207220123,0.0195072459173148,0.866103479690513,0.896144889635438
"Falcon3-10B-Instruct","direct",4.1340230152383,1.02218585519457,0.0195072459173146,0.921575736205213,1.10917184018283
"Falcon3-10B-Instruct","observer",3.5787667352381,1.35369423733503,0.0195072459173148,0.941694627885304,1.43750871805962
"Falcon3-10B-Instruct","outputs",3.98531239619048,0.859287776873413,0.0195072459173148,0.891112145721371,0.964286909340468
"Falcon3-10B-Instruct","pda",4.13705320571429,0.579401005385795,0.0195072459173148,0.818889068415184,0.707545170320963
"Falcon3-10B-Instruct","person",4.06254871619048,1.40927691799105,0.0195072459173148,0.949318525977459,1.48451429043797
"Falcon3-3B-Instruct","assistant",5.16677783238095,0.577442497920609,0.0258889221116668,0.698356012718954,0.826859778399293
"Falcon3-3B-Instruct","direct",4.30272938666688,1.02545427678984,0.025888922111667,0.897288913522052,1.14283622736925
"Falcon3-3B-Instruct","observer",4.24148899047619,1.31538804638058,0.0258889221116668,0.917513413253495,1.43364448669608
"Falcon3-3B-Instruct","outputs",4.35419246095238,0.846892095612259,0.0258889221116668,0.911788175579867,0.928825486329284
"Falcon3-3B-Instruct","pda",4.46989228952381,1.37483275086425,0.0258889221116668,0.849978759106303,1.61749071507363
"Falcon3-3B-Instruct","person",4.49575812190476,0.859990332432511,0.0258889221116668,0.842756485370504,1.02044937934169
"Falcon3-7B-Instruct","assistant",6.64731466285714,0.719371442436692,0.0243921883158552,0.740689733578304,0.971218325062205
"Falcon3-7B-Instruct","direct",4.50674866857165,1.17126442820903,0.0243921883158557,0.917741531741033,1.27624651135378
"Falcon3-7B-Instruct","observer",4.42103044190476,1.21375313011057,0.0243921883158552,0.928622649093051,1.3070466580758
"Falcon3-7B-Instruct","outputs",4.38348624,1.17189753669669,0.0243921883158552,0.921637233477017,1.27153883776541
"Falcon3-7B-Instruct","pda",4.32629881333333,0.874172839112006,0.0243921883158552,0.812801300569346,1.07550620120769
"Falcon3-7B-Instruct","person",4.75338119047619,0.84954062343508,0.0243921883158552,0.83510474902466,1.01728630381671
"Llama-2-13b-chat-hf","assistant",2.43414847238095,0.946087366043049,0.0350754303167291,0.789254174538705,1.19871062651776
"Llama-2-13b-chat-hf","direct",2.26413072952392,0.850053398064815,0.0350754303167284,0.765762524218316,1.11007443062401
"Llama-2-13b-chat-hf","observer",2.33121021714286,1.08309330406751,0.0350754303167291,0.815842396502873,1.32757663576962
"Llama-2-13b-chat-hf","outputs",2.50208730095238,0.964441419320796,0.0350754303167291,0.809820614996821,1.19093216628547
"Llama-2-13b-chat-hf","pda",2.64477103238095,1.11417275666718,0.0350754303167291,0.704274592515313,1.5820146978296
"Llama-2-13b-chat-hf","person",2.42354407428571,1.04215175583662,0.0350754303167291,0.835384077727477,1.24751211283751
"Llama-2-7b-chat-hf","assistant",5.3385576952381,0.323654449297238,0.0363907182363065,0.484174963681272,0.668465892652592
"Llama-2-7b-chat-hf","direct",5.1581317428574,1.71659256851946,0.0363907182363064,0.884086110223463,1.94165766057064
"Llama-2-7b-chat-hf","observer",4.4552563352381,1.55597511887291,0.0363907182363065,0.877823205865135,1.77253814717671
"Llama-2-7b-chat-hf","outputs",5.51774503428571,0.739428788609591,0.0363907182363065,0.646050599799379,1.1445369586209
"Llama-2-7b-chat-hf","pda",3.67067504952381,0.287373498103053,0.0363907182363065,0.29211934468339,0.983753740836712
"Llama-2-7b-chat-hf","person",4.58174616380952,1.37697557659773,0.0363907182363065,0.867930461149066,1.58650449342996
"Llama-3.1-8B-Instruct","assistant",5.20601475047619,1.55249312366633,0.0292596074103886,0.833694055816141,1.86218566971372
"Llama-3.1-8B-Instruct","direct",4.16162995809545,0.755587747983368,0.0292596074103904,0.80303229385975,0.940918259154386
"Llama-3.1-8B-Instruct","observer",4.18645312380952,1.53644468149022,0.0292596074103886,0.909301880652361,1.6896970238178
"Llama-3.1-8B-Instruct","outputs",4.21657204761905,0.773121725816869,0.0292596074103886,0.806421015888832,0.958707313653947
"Llama-3.1-8B-Instruct","pda",4.4089525447619,0.919340163881858,0.0292596074103886,0.833990664857879,1.10233867430461
"Llama-3.1-8B-Instruct","person",4.03156866857143,0.463012557161459,0.0292596074103886,0.790344441340905,0.585836418835195
"Llama-3.1-Nemotron-Nano-8B-v1","assistant",5.14277683238095,1.21998749547188,0.0249078361811019,0.818885961759058,1.4898136644707
"Llama-3.1-Nemotron-Nano-8B-v1","direct",4.37722123428594,1.29306737199077,0.0249078361811014,0.909871647039395,1.42115360578419
"Llama-3.1-Nemotron-Nano-8B-v1","observer",4.3676457447619,1.11770580764905,0.0249078361811019,0.939005167174074,1.19030847403404
"Llama-3.1-Nemotron-Nano-8B-v1","outputs",4.45999765333333,1.27214272856591,0.0249078361811019,0.92940429352434,1.36877216667666
"Llama-3.1-Nemotron-Nano-8B-v1","pda",5.11301343047619,0.0897019587797933,0.0249078361811019,0.186302045738471,0.481486708448258
"Llama-3.1-Nemotron-Nano-8B-v1","person",4.30223606666667,1.00739463754254,0.0249078361811019,0.906023716392806,1.11188550510943
"Llama-3.1-Tulu-3-8B","assistant",5.67718771047619,0.879105366415424,0.0184296109368009,0.851246738397595,1.03272685434339
"Llama-3.1-Tulu-3-8B","direct",4.1598718457145,1.13313927155196,0.0184296109368012,0.951248961587522,1.19121209831424
"Llama-3.1-Tulu-3-8B","observer",3.88957816571429,1.21092424526631,0.0184296109368009,0.946673461998351,1.27913614765344
"Llama-3.1-Tulu-3-8B","outputs",3.77468954476191,1.21263492474175,0.0184296109368009,0.935828057366537,1.29578816877339
"Llama-3.1-Tulu-3-8B","pda",4.13117186285714,0.736760788757496,0.0184296109368009,0.912639879272616,0.80728533290119
"Llama-3.1-Tulu-3-8B","person",3.73961997333333,0.827435403267109,0.0184296109368009,0.905795670894793,0.913490127911212
"Llama-3.2-1B-Instruct","assistant",3.38005682285714,0.820690732068699,0.0427867789605102,0.630652128812699,1.30133665546135
"Llama-3.2-1B-Instruct","direct",4.24599404761926,1.86540565822322,0.0427867789605111,0.781917032960838,2.38568234171785
"Llama-3.2-1B-Instruct","observer",4.0083116247619,0.878517671878387,0.0427867789605102,0.799984641577401,1.09816817251158
"Llama-3.2-1B-Instruct","outputs",3.86868921714286,1.39152617096693,0.0427867789605102,0.8623425058926,1.61365833350239
"Llama-3.2-1B-Instruct","pda",3.59254176380952,0.50698404721474,0.0427867789605102,0.49236819726689,1.0296847969243
"Llama-3.2-1B-Instruct","person",4.21401454857143,0.536875719648163,0.0427867789605102,0.56706245157,0.946766477240274
"Llama-3.2-3B-Instruct","assistant",4.08352098857143,0.498941270650525,0.020565240777474,0.68770535397452,0.725516048067602
"Llama-3.2-3B-Instruct","direct",3.34933279047636,1.28378696861819,0.0205652407774738,0.930622539678354,1.37949266634132
"Llama-3.2-3B-Instruct","observer",3.67648291428572,1.12775116435312,0.020565240777474,0.951755080855521,1.18491740894034
"Llama-3.2-3B-Instruct","outputs",3.62684421142857,1.46863681554192,0.020565240777474,0.946859885045682,1.55106034032804
"Llama-3.2-3B-Instruct","pda",4.23404768571429,0.775457385164923,0.020565240777474,0.847719999249829,0.914756506689884
"Llama-3.2-3B-Instruct","person",3.62038121904762,0.845426395671282,0.020565240777474,0.894628980845958,0.945002245368635
"Meta-Llama-3-8B-Instruct","assistant",4.13585224571429,0.600040203867032,0.0228347537176534,0.745501721507548,0.804881043941301
"Meta-Llama-3-8B-Instruct","direct",3.56318212761923,1.17295935398997,0.0228347537176536,0.902158414088075,1.30017005403158
"Meta-Llama-3-8B-Instruct","observer",3.26834429714286,1.48473028276052,0.0228347537176534,0.93318044661507,1.59104307012228
"Meta-Llama-3-8B-Instruct","outputs",3.3802493847619,1.17505293630208,0.0228347537176534,0.896156613700852,1.31121381947903
"Meta-Llama-3-8B-Instruct","pda",3.90577792190476,0.984178793026169,0.0228347537176534,0.894572331011499,1.10016681592796
"Meta-Llama-3-8B-Instruct","person",3.69589269333333,0.583038430054264,0.0228347537176534,0.853643094955285,0.683000229838215
"Ministral-8B-Instruct-2410","assistant",5.34173591238095,0.988669963466345,0.0142730247144858,0.898894344183795,1.09987338318839
"Ministral-8B-Instruct-2410","direct",4.831719161905,1.19248334117751,0.0142730247144857,0.957961910884349,1.24481289665962
"Ministral-8B-Instruct-2410","observer",4.7016282952381,1.07801856850124,0.0142730247144858,0.975695856013424,1.10487152513478
"Ministral-8B-Instruct-2410","outputs",4.72624306285714,0.918894774351344,0.0142730247144858,0.957729501887149,0.959451256895309
"Ministral-8B-Instruct-2410","pda",5.22370165142857,0.835334873380059,0.0142730247144858,0.940641925150161,0.888047673663609
"Ministral-8B-Instruct-2410","person",4.91187507238095,0.986598479123481,0.0142730247144858,0.973443073356588,1.01351430415086
"Mistral-7B-Instruct-v0.1","assistant",4.60451115047619,0.621712378487378,0.0211008752150787,0.829436754702813,0.749559716231935
"Mistral-7B-Instruct-v0.1","direct",3.51042996190494,1.8015546420287,0.021100875215079,0.94511219353271,1.90618072050753
"Mistral-7B-Instruct-v0.1","observer",4.12004035809524,1.17180808170218,0.0211008752150787,0.941541074016472,1.24456395375661
"Mistral-7B-Instruct-v0.1","outputs",3.98778850666667,0.84960387975445,0.0211008752150787,0.824278673966726,1.03072408226438
"Mistral-7B-Instruct-v0.1","pda",4.25254736380952,0.504745792420829,0.0211008752150787,0.840851875553256,0.600279082553895
"Mistral-7B-Instruct-v0.1","person",4.25134251047619,1.05057522560652,0.0211008752150787,0.915895614791028,1.14704689993109
"Mistral-7B-Instruct-v0.3","assistant",5.70428350666667,0.483092793944354,0.018778738172745,0.697959572239056,0.69215010891618
"Mistral-7B-Instruct-v0.3","direct",3.821737409524,1.16067201512356,0.018778738172745,0.95172597038467,1.21954433444159
"Mistral-7B-Instruct-v0.3","observer",3.54042257142857,1.12827534594352,0.018778738172745,0.96495910891212,1.16924679556165
"Mistral-7B-Instruct-v0.3","outputs",3.69245524190476,1.10331253033335,0.018778738172745,0.93826826172346,1.17590307094767
"Mistral-7B-Instruct-v0.3","pda",3.61765817333333,0.763921164114594,0.018778738172745,0.839043644815057,0.910466539893735
"Mistral-7B-Instruct-v0.3","person",4.01448126095238,1.36072615054063,0.018778738172745,0.946367991350546,1.43784042040429
"Mistral-Nemo-Instruct-2407","assistant",5.47063331619048,1.22682302621597,0.0173748493735535,0.886361635802676,1.38411115357557
"Mistral-Nemo-Instruct-2407","direct",4.33620178857165,1.23092457883675,0.0173748493735537,0.962003881656622,1.2795422163131
"Mistral-Nemo-Instruct-2407","observer",4.24022959047619,1.1834829900326,0.0173748493735535,0.970661166776588,1.2192544942977
"Mistral-Nemo-Instruct-2407","outputs",4.21322734857143,0.845448457206763,0.0173748493735535,0.932976397595498,0.90618418577971
"Mistral-Nemo-Instruct-2407","pda",4.33887342095238,1.04376409270169,0.0173748493735535,0.931123554447449,1.12097270841901
"Mistral-Nemo-Instruct-2407","person",3.91317985333333,0.469556855006245,0.0173748493735535,0.89442559579059,0.524981459851
"Mistral-Small-24B-Instruct-2501","assistant",4.90643105714286,1.24005636107886,0.0292357282022137,0.850183913582601,1.45857424642789
"Mistral-Small-24B-Instruct-2501","direct",4.06802597904782,0.573760777184703,0.0292357282022126,0.800300270199095,0.716931879883046
"Mistral-Small-24B-Instruct-2501","observer",4.02708365904762,0.712471684140235,0.0292357282022137,0.864612756658308,0.824035591255797
"Mistral-Small-24B-Instruct-2501","outputs",4.19124464571429,1.32191451515035,0.0292357282022137,0.866166712964896,1.52616637809299
"Mistral-Small-24B-Instruct-2501","pda",3.55265320571429,1.6863399149803,0.0292357282022137,0.85912027043598,1.96286826537631
"Mistral-Small-24B-Instruct-2501","person",4.09405182857143,0.465456747465509,0.0292357282022137,0.773569577838406,0.601699912716499
"Muse-Glimmer-30B","assistant",4.73882148952381,1.17209169260297,0.036249773116941,0.827640022347463,1.41618537160459
"Muse-Glimmer-30B","direct",3.39072678285731,0.921373231256848,0.0362497731169409,0.781261862030393,1.1793398296217
"Muse-Glimmer-30B","observer",3.35748292380952,0.913737916542252,0.036249773116941,0.804108030315077,1.1363372607835
"Muse-Glimmer-30B","outputs",3.67022033714286,1.23312444882603,0.036249773116941,0.82025322262239,1.5033460580425
"Muse-Glimmer-30B","pda",3.38416884761905,1.28549323868527,0.036249773116941,0.871496110968816,1.47504185332075
"Muse-Glimmer-30B","person",2.40692464190476,0.474179472086619,0.036249773116941,0.393030134713287,1.20647103162339
"OLMo-2-0325-32B-Instruct","assistant",6.19076877714286,0.988184333559796,0.020950954814837,0.843247521755748,1.17187932139103
"OLMo-2-0325-32B-Instruct","direct",4.7061932971431,1.16247650533811,0.0209509548148377,0.954569061329323,1.21780241203205
"OLMo-2-0325-32B-Instruct","observer",4.78529803619048,1.14573620377618,0.020950954814837,0.95968202162186,1.19387065503206
"OLMo-2-0325-32B-Instruct","outputs",4.69488346857143,1.01141497505861,0.020950954814837,0.942520993560003,1.07309543444586
"OLMo-2-0325-32B-Instruct","pda",4.71675838095238,0.966929388760503,0.020950954814837,0.929012508613082,1.04081417612345
"OLMo-2-0325-32B-Instruct","person",4.15007964571429,0.725258593506891,0.020950954814837,0.730616599106978,0.992666460621567
"OLMo-2-1124-13B-Instruct","assistant",5.15667870095238,1.02100819283024,0.0181715046029129,0.858696722317596,1.18902071743627
"OLMo-2-1124-13B-Instruct","direct",3.56703472000018,1.2087671655971,0.0181715046029127,0.952999135645171,1.26838222657862
"OLMo-2-1124-13B-Instruct","observer",3.38179024761905,1.20595124406291,0.0181715046029129,0.964088859992,1.25087146435124
"OLMo-2-1124-13B-Instruct","outputs",3.76076248190476,1.06797029484926,0.0181715046029129,0.934191618811378,1.14320260784196
"OLMo-2-1124-13B-Instruct","pda",3.93023973142857,0.898315187062262,0.0181715046029129,0.919441417714467,0.977022755071532
"OLMo-2-1124-13B-Instruct","person",3.06331858095238,0.597987915598201,0.0181715046029129,0.890968059224134,0.671166501882164
"Phi-3-medium-4k-instruct","assistant",5.61675689142857,0.791531436194842,0.0162525309776186,0.865435809405858,0.914604442746885
"Phi-3-medium-4k-instruct","direct",5.0914387028574,1.1739265665686,0.0162525309776185,0.945164590426604,1.24203401022329
"Phi-3-medium-4k-instruct","observer",5.17867469714286,0.963645689913488,0.0162525309776186,0.958581113242917,1.00528340961511
"Phi-3-medium-4k-instruct","outputs",5.14271470857143,0.822236933297497,0.0162525309776186,0.947041411486247,0.868216451070619
"Phi-3-medium-4k-instruct","pda",4.23188017333333,1.4840371764632,0.0162525309776186,0.950540751531982,1.56125571057462
"Phi-3-medium-4k-instruct","person",5.19943199047619,0.764622197562371,0.0162525309776186,0.952695257738429,0.802588436702711
"Phi-3-mini-4k-instruct","assistant",3.99865941904762,0.903412608939578,0.0190591567473796,0.807074224046999,1.11936744108801
"Phi-3-mini-4k-instruct","direct",3.90467266095258,1.11762413409701,0.0190591567473788,0.94329402335421,1.18480993881738
"Phi-3-mini-4k-instruct","observer",3.89747901904762,1.01061816512548,0.0190591567473796,0.949433823365239,1.06444297670308
"Phi-3-mini-4k-instruct","outputs",3.86454150285714,0.972114512346549,0.0190591567473796,0.940451761023649,1.03366759746235
"Phi-3-mini-4k-instruct","pda",4.11710241142857,1.0618590449249,0.0190591567473796,0.917165154967373,1.15776208807527
"Phi-3-mini-4k-instruct","person",3.86261613904762,0.934371534566388,0.0190591567473796,0.947055654708817,0.986606784850116
"Phi-3.5-mini-instruct","assistant",5.77611291047619,0.546899889588046,0.0210636885594774,0.670198097992988,0.816027218259531
"Phi-3.5-mini-instruct","direct",4.78746993904786,1.15714876123238,0.0210636885594783,0.911426182497954,1.26960228206401
"Phi-3.5-mini-instruct","observer",4.71960883047619,1.07439701369383,0.0210636885594774,0.937591489105251,1.14591165361274
"Phi-3.5-mini-instruct","outputs",4.74024289714286,1.06247142527481,0.0210636885594774,0.925358979450644,1.14817216763333
"Phi-3.5-mini-instruct","pda",4.37299031809524,0.939515782949492,0.0210636885594774,0.88287496700573,1.06415496877871
"Phi-3.5-mini-instruct","person",4.42143420190476,1.21956712726154,0.0210636885594774,0.951760119883276,1.28138078259793
"Phi-4-mini-instruct","assistant",6.0714629447619,0.592243574358597,0.013306339665864,0.821213226415403,0.721181241738813
"Phi-4-mini-instruct","direct",4.79588325142881,1.23465416370368,0.0133063396658643,0.978709162334617,1.26151282854906
"Phi-4-mini-instruct","observer",4.94960922095238,0.99920203424479,0.013306339665864,0.97267379226101,1.02727352396543
"Phi-4-mini-instruct","outputs",4.49307347619048,1.22699323705944,0.013306339665864,0.967462840746577,1.26825877478931
"Phi-4-mini-instruct","pda",4.71351477904762,0.873112200571579,0.013306339665864,0.937025046490183,0.931791742218629
"Phi-4-mini-instruct","person",4.90318449714286,1.07379479006198,0.013306339665864,0.977597371027053,1.0984018798392
"Qwen1.5-7B-Chat","assistant",5.1947674152381,0.726364360377371,0.0201164755087122,0.847852358192725,0.856710904155159
"Qwen1.5-7B-Chat","direct",4.24847945333355,1.20369554482334,0.0201164755087124,0.935200771940311,1.28709853642009
"Qwen1.5-7B-Chat","observer",3.62962951809524,1.15711684487867,0.0201164755087122,0.959048891370205,1.20652539749614
"Qwen1.5-7B-Chat","outputs",3.49378757714286,0.904356636701651,0.0201164755087122,0.874999833216967,1.03355063894899
"Qwen1.5-7B-Chat","pda",5.00311568952381,0.86215940973449,0.0201164755087122,0.856421060049552,1.00670038366946
"Qwen1.5-7B-Chat","person",3.05036907238095,1.1463072034845,0.0201164755087122,0.925972871571197,1.23794901414276
"Qwen2-7B-Instruct","assistant",5.80240995047619,0.93184729599766,0.0165739732322272,0.853256796470449,1.09210650281639
"Qwen2-7B-Instruct","direct",3.96071334095258,0.973159996856649,0.0165739732322277,0.963769266805203,1.00974375338043
"Qwen2-7B-Instruct","observer",3.44858530095238,1.11689213083471,0.0165739732322272,0.957036165363879,1.16703231419687
"Qwen2-7B-Instruct","outputs",3.54404891047619,0.97640115689972,0.0165739732322272,0.945297569184839,1.03290348851918
"Qwen2-7B-Instruct","pda",3.93067072761905,1.01744679223411,0.0165739732322272,0.92649574298613,1.09816672114956
"Qwen2-7B-Instruct","person",4.04414893333333,0.984252627177218,0.0165739732322272,0.967452188728454,1.01736565242655
"Qwen2.5-0.5B-Instruct","assistant",3.74453023428571,0.411466252815928,0.0182264701095991,0.874121818893137,0.470719576977212
"Qwen2.5-0.5B-Instruct","direct",3.26677600571445,1.2668202359128,0.0182264701095991,0.957685374128729,1.32279375892662
"Qwen2.5-0.5B-Instruct","observer",3.00964366285714,0.951370056687171,0.0182264701095991,0.970634698918746,0.980152530861473
"Qwen2.5-0.5B-Instruct","outputs",3.15178572761905,0.687431016353049,0.0182264701095991,0.902334710462955,0.761835944447215
"Qwen2.5-0.5B-Instruct","pda",3.27082610095238,1.61009878935858,0.0182264701095991,0.90910601756502,1.7710792341592
"Qwen2.5-0.5B-Instruct","person",2.45516139619048,1.07281364887248,0.0182264701095991,0.945133767291629,1.13509186318327
"Qwen2.5-1.5B-Instruct","assistant",5.50990110095238,0.488121775636972,0.0169294538077496,0.813381185502578,0.600114416631567
"Qwen2.5-1.5B-Instruct","direct",3.79946019047638,1.57198207422413,0.0169294538077498,0.947594051880782,1.65891931371246
"Qwen2.5-1.5B-Instruct","observer",3.85337547809524,1.04632034517778,0.0169294538077496,0.963455734134949,1.08600769927145
"Qwen2.5-1.5B-Instruct","outputs",3.81408576571429,0.90678798363759,0.0169294538077496,0.946634680155343,0.957906996909078
"Qwen2.5-1.5B-Instruct","pda",3.19539402285714,0.812338841018527,0.0169294538077496,0.863004356896835,0.941291703253399
"Qwen2.5-1.5B-Instruct","person",4.01425477142857,1.17444898030506,0.0169294538077496,0.968716076593613,1.21237688594462
"Qwen2.5-14B-Instruct","assistant",5.46025233333333,0.84084518107952,0.0218418372124801,0.820389004368077,1.02493472804064
"Qwen2.5-14B-Instruct","direct",4.02024345904782,1.11205115367467,0.0218418372124793,0.92436942674814,1.20303757512498
"Qwen2.5-14B-Instruct","observer",3.83636827809524,1.20077961341303,0.0218418372124801,0.936905627215264,1.28164414700131
"Qwen2.5-14B-Instruct","outputs",3.99214566857143,1.05699965822074,0.0218418372124801,0.908232678988106,1.16379831146175
"Qwen2.5-14B-Instruct","pda",3.46157346857143,1.12621995462087,0.0218418372124801,0.905197680919934,1.24417017228361
"Qwen2.5-14B-Instruct","person",3.80141664761905,0.663104438991087,0.0218418372124801,0.81307648642809,0.815549889905389
"Qwen2.5-32B-Instruct","assistant",5.62104907047619,0.744846578923637,0.0217497103369456,0.840395076609729,0.886305262434961
"Qwen2.5-32B-Instruct","direct",3.91563349142877,0.922181451127338,0.0217497103369445,0.889387059821388,1.03687302501638
"Qwen2.5-32B-Instruct","observer",3.69906006095238,1.21436092058115,0.0217497103369456,0.942979127304427,1.28779194090169
"Qwen2.5-32B-Instruct","outputs",4.18086259238095,1.13022895000362,0.0217497103369456,0.919118821365057,1.2296875264996
"Qwen2.5-32B-Instruct","pda",3.15956958476191,1.31066344422126,0.0217497103369456,0.906658908951322,1.44559705009376
"Qwen2.5-32B-Instruct","person",3.63823041142857,0.677718655142909,0.0217497103369456,0.81122106006393,0.835430301932125
"Qwen2.5-3B-Instruct","assistant",5.05276574095238,1.02167376372042,0.0287426970108413,0.762305601018018,1.34024171192764
"Qwen2.5-3B-Instruct","direct",4.29125442285736,1.09031998533926,0.028742697010841,0.889935467955879,1.22516746955109
"Qwen2.5-3B-Instruct","observer",4.22660135047619,0.932407380578756,0.0287426970108413,0.888267419831726,1.04969219827447
"Qwen2.5-3B-Instruct","outputs",4.22365354095238,0.591601308772957,0.0287426970108413,0.813319810780341,0.72739075199133
"Qwen2.5-3B-Instruct","pda",5.45833421333333,1.28772665501958,0.0287426970108413,0.820505170992646,1.56943149238376
"Qwen2.5-3B-Instruct","person",4.31041633333333,1.07627090656902,0.0287426970108413,0.887791198301602,1.21230184375334
"Qwen2.5-7B-Instruct","assistant",6.10639508952381,0.706592931110916,0.0175295514377654,0.808259875386868,0.874215029878492
"Qwen2.5-7B-Instruct","direct",4.13593704571449,0.866630061231357,0.0175295514377658,0.923656665356004,0.93825995495555
"Qwen2.5-7B-Instruct","observer",3.74436662285714,1.01517045338954,0.0175295514377654,0.9632039345968,1.05395173018526
"Qwen2.5-7B-Instruct","outputs",3.83772054666667,1.1440819437161,0.0175295514377654,0.939716610708647,1.21747549280133
"Qwen2.5-7B-Instruct","pda",3.51136696952381,1.07843311918262,0.0175295514377654,0.925430036142211,1.16533187498238
"Qwen2.5-7B-Instruct","person",4.33712573333333,1.18909149136951,0.0175295514377654,0.959634532445641,1.23910869311788
"Qwen3-14B","assistant",5.62237058857143,2.32113610961574,0.0346952551491242,0.851834051051184,2.72486889524011
"Qwen3-14B","direct",4.24880603238117,0.803842592293973,0.034695255149124,0.814631827873593,0.986755691085902
"Qwen3-14B","observer",4.31151304952381,0.898073547329981,0.0346952551491242,0.823127761021775,1.09105000445517
"Qwen3-14B","outputs",4.23382959238095,0.687365611786514,0.0346952551491242,0.779255339892886,0.882080079016201
"Qwen3-14B","pda",4.09512931238095,0.538286981030695,0.0346952551491242,0.631582938788002,0.852282333755976
"Qwen3-14B","person",4.25253317333333,0.751295157943084,0.0346952551491242,0.814413197200492,0.922498751893544
"Qwen3-8B","assistant",5.09962344380952,1.15609784110342,0.0206133545793827,0.870311812579768,1.32837199770567
"Qwen3-8B","direct",4.62414620761928,1.1132894032245,0.0206133545793834,0.917332557396702,1.21361592832136
"Qwen3-8B","observer",4.6202682,1.13977983505459,0.0206133545793827,0.966598336526069,1.17916593892654
"Qwen3-8B","outputs",4.4413688152381,0.926069640515004,0.0206133545793827,0.895437629137623,1.03420898383161
"Qwen3-8B","pda",4.44344342666667,0.993132218440657,0.0206133545793827,0.89217890284924,1.11315366824862
"Qwen3-8B","person",4.33701849904762,0.671631061661912,0.0206133545793827,0.892041928915701,0.752914229579205
"Qwen3.8-27B","assistant",5.71802295619048,0.894064419764179,0.0152970538947597,0.888916627171241,1.00579108595293
"Qwen3.8-27B","direct",3.78899517523829,0.960156315855097,0.0152970538947595,0.955781794783456,1.00457690353127
"Qwen3.8-27B","observer",3.75887943047619,0.885065645105971,0.0152970538947597,0.965508448704211,0.916683480391913
"Qwen3.8-27B","outputs",3.70037726666667,1.18654686593328,0.0152970538947597,0.928933321058642,1.27732189064017
"Qwen3.8-27B","pda",4.19618979619048,1.05064555987235,0.0152970538947597,0.962508060463425,1.09157066109814
"Qwen3.8-27B","person",4.01831700952381,1.02352119346909,0.0152970538947597,0.969714774858347,1.0554868503665
"SmolLM2-1.7B-Instruct","assistant",4.7997462647619,0.76126090448782,0.0187372638883831,0.882936904469068,0.862191738316323
"SmolLM2-1.7B-Instruct","direct",4.59699205904785,1.139422911765,0.0187372638883831,0.945196282530607,1.20548814338788
"SmolLM2-1.7B-Instruct","observer",4.6063606,1.09953535592849,0.0187372638883831,0.953158421476636,1.1535704151101
"SmolLM2-1.7B-Instruct","outputs",4.8273460247619,1.35377448679707,0.0187372638883831,0.945167666960245,1.43231146612426
"SmolLM2-1.7B-Instruct","pda",4.79259733904762,0.77744016740288,0.0187372638883831,0.801387468368428,0.970117699726071
"SmolLM2-1.7B-Instruct","person",4.61197951238095,0.868566173618794,0.0187372638883831,0.936563069561302,0.92739741918891
"Yi-1.5-34B-Chat","assistant",4.91186906476191,0.663791214654498,0.0196965617706014,0.857648803773951,0.773966233886864
"Yi-1.5-34B-Chat","direct",4.17341689333354,1.10884004558707,0.0196965617706019,0.930813385338318,1.19125923955636
"Yi-1.5-34B-Chat","observer",3.39820852380952,1.33571544219949,0.0196965617706014,0.947720166840973,1.40939856397888
"Yi-1.5-34B-Chat","outputs",3.79029914857143,1.25770904723658,0.0196965617706014,0.93998095055243,1.33801546350213
"Yi-1.5-34B-Chat","pda",4.00880603809524,0.760672373994381,0.0196965617706014,0.849665947364852,0.895260515445542
"Yi-1.5-34B-Chat","person",2.74272985333333,0.873271876328049,0.0196965617706014,0.873955131609388,0.999218203250229
"Yi-1.5-6B-Chat","assistant",4.39084588952381,0.726492222909577,0.021417994175102,0.821358550494022,0.884500712231723
"Yi-1.5-6B-Chat","direct",4.24360608000021,1.10091483811796,0.0214179941751017,0.900186710365717,1.22298499349175
"Yi-1.5-6B-Chat","observer",4.51134267809524,0.771638728537913,0.021417994175102,0.920661941718772,0.838134708921876
"Yi-1.5-6B-Chat","outputs",4.21758826285714,1.29241388989519,0.021417994175102,0.915842573141616,1.41117472347002
"Yi-1.5-6B-Chat","pda",4.06168804571429,1.38078491185251,0.021417994175102,0.920842662055877,1.4994797360602
"Yi-1.5-6B-Chat","person",4.29050297333333,0.727755408686824,0.021417994175102,0.895195925533901,0.812956569538434
"Yi-1.5-9B-Chat","assistant",5.27734293714286,0.579257726344946,0.0198987524256578,0.778966187222122,0.743623710305889
"Yi-1.5-9B-Chat","direct",3.96785129142877,1.29665240009784,0.0198987524256575,0.942174232825916,1.3762341984335
"Yi-1.5-9B-Chat","observer",3.96981381714286,0.797417700976182,0.0198987524256578,0.891142503445761,0.894826245962709
"Yi-1.5-9B-Chat","outputs",4.05905159238095,0.851099794739452,0.0198987524256578,0.885084318543687,0.961603066405973
"Yi-1.5-9B-Chat","pda",4.24289063619048,1.04940407877105,0.0198987524256578,0.935346687998591,1.12194129966559
"Yi-1.5-9B-Chat","person",4.34523789142857,1.4261682990705,0.0198987524256578,0.935584086035208,1.52436143405803
"aya-expanse-32b","assistant",6.32477189904762,0.480310626331923,0.0232315937470165,0.765371439379349,0.627552325079459
"aya-expanse-32b","direct",4.28426196000022,0.906487241945259,0.0232315937470167,0.888176581821422,1.02061601318767
"aya-expanse-32b","observer",3.90871964761905,1.03076857202463,0.0232315937470165,0.91781133936178,1.12307238733986
"aya-expanse-32b","outputs",4.21966352761905,1.0705836934918,0.0232315937470165,0.899712414240939,1.18991766318465
"aya-expanse-32b","pda",3.90804662285714,1.41921922723757,0.0232315937470165,0.885062103730218,1.60352501960718
"aya-expanse-32b","person",4.59670226095238,1.09263063896884,0.0232315937470165,0.898528844170928,1.21602177387751
"aya-expanse-8b","assistant",5.84759687428571,0.533683685635399,0.0225831148430625,0.711446341371627,0.750139054206797
"aya-expanse-8b","direct",4.34635290857165,1.18267572948743,0.0225831148430626,0.939472023072694,1.25887275027018
"aya-expanse-8b","observer",4.01857335238095,1.23356910802736,0.0225831148430625,0.943760726331621,1.30707823880553
"aya-expanse-8b","outputs",4.51840466285714,0.949718472884604,0.0225831148430625,0.817373354288384,1.16191513694674
"aya-expanse-8b","pda",4.84975878476191,0.848905994237529,0.0225831148430625,0.887715331370794,0.956281776644168
"aya-expanse-8b","person",3.8458320952381,1.25144700972769,0.0225831148430625,0.914199400750555,1.36889939842474
"c4ai-command-r7b-12-2024","assistant",5.80239196380952,0.859272270088104,0.0212235782098767,0.891194446223075,0.964180458854677
"c4ai-command-r7b-12-2024","direct",4.79826247619072,1.40449955584603,0.0212235782098768,0.908391865656537,1.54613841112601
"c4ai-command-r7b-12-2024","observer",5.04927706666667,1.02848023033306,0.0212235782098767,0.930414117634337,1.10540049945509
"c4ai-command-r7b-12-2024","outputs",4.73417059047619,1.17152015415543,0.0212235782098767,0.918162122132007,1.27594040955982
"c4ai-command-r7b-12-2024","pda",4.83774179238095,0.786889745744479,0.0212235782098767,0.858080265673794,0.917035127391709
"c4ai-command-r7b-12-2024","person",5.10870113142857,0.749338043832928,0.0212235782098767,0.880473272429225,0.851062794632601
"falcon-7b-instruct","assistant",3.86029142285714,0.337923959971717,0.0349381833681915,0.448161699584333,0.754022399248173
"falcon-7b-instruct","direct",2.94292615809539,1.06769853705374,0.0349381833681914,0.849019848559841,1.25756604968046
"falcon-7b-instruct","observer",2.99495970095238,1.26848237419686,0.0349381833681915,0.892174771676628,1.42178686784996
"falcon-7b-instruct","outputs",2.78046028952381,0.787054987439646,0.0349381833681915,0.762758652466713,1.03185324072609
"falcon-7b-instruct","pda",3.0107185752381,1.70591766217976,0.0349381833681915,0.786838360517488,2.1680662100127
"falcon-7b-instruct","person",3.07466709714286,0.832922479158323,0.0349381833681915,0.841232037442396,0.990122156653311
"falcon-mamba-7b-instruct","assistant",4.92933088380952,0.392716193533395,0.0141406908000833,0.814763908800561,0.48199998710243
"falcon-mamba-7b-instruct","direct",3.99718233904782,1.29710714912607,0.0141406908000836,0.970821510608037,1.33609230425231
"falcon-mamba-7b-instruct","observer",4.33756388761905,1.04393286715161,0.0141406908000833,0.975142223108309,1.07054421643648
"falcon-mamba-7b-instruct","outputs",4.02454395238095,0.832266155106787,0.0141406908000833,0.943651354610863,0.881963609801624
"falcon-mamba-7b-instruct","pda",4.13817932571429,1.70084788954491,0.0141406908000833,0.959170732448957,1.77324831962117
"falcon-mamba-7b-instruct","person",3.89995791809524,0.7331297455373,0.0141406908000833,0.953476962379034,0.768901373042155
"gemma-2-27b-it","assistant",5.89484172952381,0.5038253987153,0.0198486009165795,0.74861896271614,0.673006460973577
"gemma-2-27b-it","direct",3.71515492571447,1.1401509528381,0.0198486009165792,0.941250481860874,1.21131513323003
"gemma-2-27b-it","observer",3.33406378666667,1.16430807060449,0.0198486009165795,0.944751177289896,1.23239652788199
"gemma-2-27b-it","outputs",3.39645010666667,1.11991325184873,0.0198486009165795,0.917476288567779,1.22064544425117
"gemma-2-27b-it","pda",3.31816934857143,1.13202979750717,0.0198486009165795,0.918990888012586,1.23181830448319
"gemma-2-27b-it","person",3.4772267847619,0.939772528486175,0.0198486009165795,0.888731702605436,1.05743108491697
"gemma-2-2b-it","assistant",5.83685199619048,0.165630216459839,0.040904085724646,0.305753060565326,0.541712374533863
"gemma-2-2b-it","direct",4.43491344571451,1.4113827706654,0.0409040857246469,0.850083731970532,1.6602867665679
"gemma-2-2b-it","observer",4.49006457904762,1.74236281554591,0.040904085724646,0.837059335601505,2.08152844301516
"gemma-2-2b-it","outputs",4.68808592,1.06909865348716,0.040904085724646,0.773722586471009,1.38175965414604
"gemma-2-2b-it","pda",4.58030812,0.810749236154143,0.040904085724646,0.52635859997744,1.54029826089835
"gemma-2-2b-it","person",4.94269827619048,0.800776307687625,0.040904085724646,0.769630466018048,1.04046856646765
"gemma-2-9b-it","assistant",5.99370242857143,0.815158619666661,0.0256076210916682,0.79292526570564,1.02803965887155
"gemma-2-9b-it","direct",3.51894088571446,1.01396106917622,0.0256076210916676,0.872828344886704,1.16169585361928
"gemma-2-9b-it","observer",3.63962868380952,1.08798230289467,0.0256076210916682,0.908401098891955,1.19768932933014
"gemma-2-9b-it","outputs",3.90874708571429,1.13620920923537,0.0256076210916682,0.890294279435764,1.27621757825453
"gemma-2-9b-it","pda",3.37591343047619,1.2849144917532,0.0256076210916682,0.891421684821607,1.44142162304514
"gemma-2-9b-it","person",3.91633255619048,0.661774307273842,0.0256076210916682,0.755791887912718,0.875603877016296
"gemma-2b-it","assistant",4.99201679619048,0.708717941984433,0.014083031007471,0.912809431538407,0.77641391236503
"gemma-2b-it","direct",4.60666512000023,1.31855098895454,0.0140830310074713,0.980177919435222,1.34521596825422
"gemma-2b-it","observer",4.56432144,1.18904023775405,0.014083031007471,0.967528142699803,1.22894641021618
"gemma-2b-it","outputs",4.33455336190476,1.23512847077127,0.014083031007471,0.954062611375046,1.29459896661409
"gemma-2b-it","pda",5.78763595428571,0.307560066265569,0.014083031007471,0.711257765400386,0.43241716467227
"gemma-2b-it","person",4.69994004190476,1.24100229427021,0.014083031007471,0.965663499355439,1.28512913152309
"gemma-3-12b-it","assistant",5.24030744571429,0.777009384703808,0.0263107062196473,0.803697344496033,0.966793520004774
"gemma-3-12b-it","direct",4.1922462857145,1.05307373937957,0.0263107062196467,0.87832965672787,1.19895045250178
"gemma-3-12b-it","observer",4.38878439428571,1.05687259742723,0.0263107062196473,0.898068869217001,1.17682800690851
"gemma-3-12b-it","outputs",4.53256565714286,1.04204665531976,0.0263107062196473,0.887549834017178,1.17407115114124
"gemma-3-12b-it","pda",2.96644961142857,1.24255608428372,0.0263107062196473,0.863041083075896,1.43974152407116
"gemma-3-12b-it","person",4.4329964952381,0.828441538885872,0.0263107062196473,0.786426149080333,1.05342572834674
"gemma-3-1b-it","assistant",3.29885747428571,0.607144017839462,0.0280085854909596,0.745624710840399,0.814275612130861
"gemma-3-1b-it","direct",4.09171834095259,1.21572167301027,0.0280085854909604,0.889191610001498,1.36722125955298
"gemma-3-1b-it","observer",4.40537941714286,1.23382374560064,0.0280085854909596,0.923237974986425,1.33640922387186
"gemma-3-1b-it","outputs",3.5587869447619,0.965398225631131,0.0280085854909596,0.818437218778853,1.17956295666948
"gemma-3-1b-it","pda",5.37462691619048,0.783498557334318,0.0280085854909596,0.679176386269201,1.15360099846547
"gemma-3-1b-it","person",4.43794398095238,1.19441378058426,0.0280085854909596,0.899653720949149,1.32763723727406
"gemma-3-27b-it","assistant",5.92255227238095,0.772955608885688,0.0232453039478626,0.802181778621203,0.963566649711553
"gemma-3-27b-it","direct",4.45144296761927,1.10050141352028,0.0232453039478629,0.918326041528431,1.19837766082362
"gemma-3-27b-it","observer",4.20782216190476,1.02897455905562,0.0232453039478626,0.923121736994666,1.11466832360114
"gemma-3-27b-it","outputs",4.35277626666667,1.08253426138585,0.0232453039478626,0.897110022498223,1.20669063352036
"gemma-3-27b-it","pda",4.13642268190476,1.31060647271981,0.0232453039478626,0.920206578034534,1.42425244940014
"gemma-3-27b-it","person",4.49650031238095,0.704427684432787,0.0232453039478626,0.76089323117277,0.925790446771419
"gemma-3-4b-it","assistant",5.76382844571429,0.654566584661186,0.0210391771253744,0.747268776270316,0.875945316393634
"gemma-3-4b-it","direct",4.10668847428592,1.11676403084575,0.0210391771253739,0.921833558861708,1.21145950926845
"gemma-3-4b-it","observer",4.00456022666667,1.22252007267964,0.0210391771253744,0.9593434028416,1.27432999388801
"gemma-3-4b-it","outputs",3.80753187809524,1.02544619665642,0.0210391771253744,0.888660446449986,1.15392352698138
"gemma-3-4b-it","pda",3.96763552952381,0.756058109137986,0.0210391771253744,0.888171192150219,0.851252681712864
"gemma-3-4b-it","person",4.31264740952381,1.22464500601898,0.0210391771253744,0.921249846618785,1.32932994291802
"gemma-4-31B-it","assistant",5.07919403238095,1.21368076336558,0.0288462289035217,0.836019156860654,1.45173798160689
"gemma-4-31B-it","direct",3.72576717333352,0.84302518367966,0.0288462289035221,0.817326677112295,1.03144214827066
"gemma-4-31B-it","observer",3.56809783238095,0.723572791672071,0.0288462289035217,0.777324083242772,0.930850860368989
"gemma-4-31B-it","outputs",3.51754598476191,1.35197248732133,0.0288462289035217,0.884179914630062,1.52906944045092
"gemma-4-31B-it","pda",3.0985753752381,1.23255770584483,0.0288462289035217,0.882474949723364,1.39670560193375
"gemma-4-31B-it","person",3.93111701904762,0.635191068116567,0.0288462289035217,0.73731345597391,0.861493931746503
"gemma-7b-it","assistant",5.00114626857143,0.446526706609814,0.0171474694927037,0.857425458128381,0.520776123891292
"gemma-7b-it","direct",2.95460621523824,1.31238470496132,0.0171474694927042,0.931808029913324,1.40842819854567
"gemma-7b-it","observer",3.72179850285714,1.39799326637922,0.0171474694927037,0.963392010852426,1.45111569395541
"gemma-7b-it","outputs",3.75523727428571,1.24246713355143,0.0171474694927037,0.948833361867698,1.30946822011585
"gemma-7b-it","pda",4.23163756,0.313355116064658,0.0171474694927037,0.675236852671611,0.464066963799224
"gemma-7b-it","person",3.44208023809524,1.28727307243366,0.0171474694927037,0.957585412202612,1.34429060429473
"glm-4-9b-chat-hf","assistant",5.09090376,1.13465381185658,0.0234181472113521,0.827913256146108,1.37049842291249
"glm-4-9b-chat-hf","direct",3.68443791047638,1.15343515643503,0.0234181472113528,0.900215992092973,1.28128712060899
"glm-4-9b-chat-hf","observer",4.01604872190476,1.49293397642404,0.0234181472113521,0.933401012376977,1.59945613581687
"glm-4-9b-chat-hf","outputs",3.14722315238095,0.673598741920039,0.0234181472113521,0.832857670583823,0.808780138205192
"glm-4-9b-chat-hf","pda",2.81118786666667,0.384653809941154,0.0234181472113521,0.846436521147433,0.454439051636991
"glm-4-9b-chat-hf","person",3.7554601847619,1.16072450342322,0.0234181472113521,0.924088165277186,1.25607549911112
"granite-3.1-8b-instruct","assistant",6.181025,0.524390424402498,0.0197083450854853,0.709914567093515,0.738666944882429
"granite-3.1-8b-instruct","direct",3.78120242857162,0.95927144305012,0.0197083450854851,0.926439552477373,1.03543878333451
"granite-3.1-8b-instruct","observer",3.34869845333333,1.1269244401868,0.0197083450854853,0.964634483791942,1.16823984537324
"granite-3.1-8b-instruct","outputs",3.31027027047619,1.1419640273648,0.0197083450854853,0.936065220452101,1.21996203086495
"granite-3.1-8b-instruct","pda",2.58920795047619,1.02134906873533,0.0197083450854853,0.853454076774971,1.19672410798575
"granite-3.1-8b-instruct","person",3.76672368571429,1.22610059626044,0.0197083450854853,0.959896897150532,1.27732530431148
"granite-3.3-8b-instruct","assistant",5.58891640190476,0.793453014951356,0.0231381782517931,0.768672681698105,1.03223782221388
"granite-3.3-8b-instruct","direct",3.30176812000017,1.05313716530898,0.0231381782517933,0.911114920273165,1.15587742212939
"granite-3.3-8b-instruct","observer",3.00907256761905,1.0336603823149,0.0231381782517931,0.950746887058094,1.08720880013961
"granite-3.3-8b-instruct","outputs",2.85751519047619,1.10737484640524,0.0231381782517931,0.882404594465054,1.25495136057918
"granite-3.3-8b-instruct","pda",2.91914184190476,1.12662681523557,0.0231381782517931,0.904081135895691,1.24615675574228
"granite-3.3-8b-instruct","person",2.30160218857143,0.885747775783963,0.0231381782517931,0.862006177855702,1.02754225960111
"internlm2_5-7b-chat","assistant",2.75726938095238,0.864804515269675,0.040252830117064,0.731019072951349,1.18301224587505
"internlm2_5-7b-chat","direct",2.76478094476204,1.12600996283465,0.0402528301170635,0.805404077636176,1.39806836605513
"internlm2_5-7b-chat","observer",2.80709072190476,1.0197891352013,0.040252830117064,0.779014587616108,1.30907578806963
"internlm2_5-7b-chat","outputs",2.78819854095238,1.0037708098524,0.040252830117064,0.745814292764837,1.34587231646001
"internlm2_5-7b-chat","pda",2.88848148190476,1.01651567575962,0.040252830117064,0.643832381037127,1.57885143043311
"internlm2_5-7b-chat","person",2.77531133333333,0.969109901082069,0.040252830117064,0.732929381914601,1.32224184893571
"internlm3-8b-instruct","assistant",4.57113220380952,0.659328355988649,0.0631348680704002,0.557091428920658,1.18351911689985
"internlm3-8b-instruct","direct",4.52852511809547,1.1378120211518,0.063134868070398,0.74699422315029,1.52318717587113
"internlm3-8b-instruct","observer",4.50638995238095,1.08047481130365,0.0631348680704002,0.712917660899357,1.51556746390686
"internlm3-8b-instruct","outputs",4.52735346095238,1.07087918275249,0.0631348680704002,0.710450717844964,1.50732366912208
"internlm3-8b-instruct","pda",3.26654761142857,1.02122809211669,0.0631348680704002,0.35629569476301,2.86623753002673
"internlm3-8b-instruct","person",4.46786472380952,1.03027753668619,0.0631348680704002,0.702493587964775,1.46660062716167
"phi-4","assistant",5.54064360190476,1.74760192938513,0.0249911573968835,0.895479124653343,1.95158310369509
"phi-4","direct",4.06698628190497,1.3506977703757,0.0249911573968843,0.931063700257573,1.45070393143019
"phi-4","observer",4.19548023619048,0.970219014339109,0.0249911573968835,0.935067814380051,1.03759213975551
"phi-4","outputs",4.25989312952381,1.0205748634267,0.0249911573968835,0.903669444260158,1.12936745832128
"phi-4","pda",4.02310051238095,0.436351464922582,0.0249911573968835,0.636474725603067,0.685575479072063
"phi-4","person",4.02169365714286,0.474554957550881,0.0249911573968835,0.670076041473196,0.708210603243697
"stablelm-2-12b-chat","assistant",6.12610282095238,0.950020991591077,0.0497451056105432,0.543989339771651,1.74639633929199
"stablelm-2-12b-chat","direct",5.664678834286,2.51905404369245,0.0497451056105438,0.837178826694204,3.00897963896123
"stablelm-2-12b-chat","observer",5.98191188380952,0.165226598055648,0.0497451056105432,0.338615559999919,0.487947447115799
"stablelm-2-12b-chat","outputs",5.86895478666667,0.762504210514469,0.0497451056105432,0.61241709008688,1.24507337051338
"stablelm-2-12b-chat","pda",5.64228033142857,1.42672162653675,0.0497451056105432,0.817637302751882,1.7449321621395
"stablelm-2-12b-chat","person",6.00747991619048,0.176472529609737,0.0497451056105432,0.203524298004035,0.867083347494156
"vicuna-7b-v1.5","assistant",4.92449277142857,0.675044866723346,0.0169139653331834,0.896312722410301,0.753135429014176
"vicuna-7b-v1.5","direct",4.69675680761928,1.20822708134494,0.0169139653331831,0.94816606315381,1.2742779227153
"vicuna-7b-v1.5","observer",4.69512045904762,1.11596607943372,0.0169139653331834,0.948047848582043,1.17711999568674
"vicuna-7b-v1.5","outputs",4.56989007809524,0.965505527344074,0.0169139653331834,0.944830872942414,1.02188185737123
"vicuna-7b-v1.5","pda",4.58551888380952,1.02679319682721,0.0169139653331834,0.905425219440463,1.13404528036203
"vicuna-7b-v1.5","person",4.77769195619048,1.00846324832687,0.0169139653331834,0.938278723677715,1.07480136006288
"zephyr-7b-beta","assistant",4.96649040380952,0.344407337276863,0.0218573074833034,0.738316479458637,0.466476567784856
"zephyr-7b-beta","direct",3.9674681600002,1.11829876173716,0.0218573074833025,0.883910343799705,1.26517216319697
"zephyr-7b-beta","observer",3.41097986095238,1.42925239888895,0.0218573074833034,0.943893839376711,1.51420884347835
"zephyr-7b-beta","outputs",3.28636119238095,1.32115962618747,0.0218573074833034,0.905932189527373,1.45834273410323
"zephyr-7b-beta","pda",4.39061843809524,0.336472907942338,0.0218573074833034,0.720082097459736,0.46727020311896
"zephyr-7b-beta","person",3.54534806095238,1.45040896796712,0.0218573074833034,0.932879990372835,1.55476479604569
