model,framing,lam,beta,r,amp
Yi-1.5-34B-Chat,direct,4.173416860534909,1.1088400502613025,0.9308133909274675,1.1912592374250743
Yi-1.5-34B-Chat,assistant,4.911869033437025,0.6637911906669183,0.8576487873482646,0.7739662207408607
Yi-1.5-34B-Chat,person,2.7427298632670376,0.8732718736670854,0.8739551370430838,0.9992181939929888
Yi-1.5-34B-Chat,pda,4.008806015537974,0.760672382436282,0.8496659432750865,0.8952605296903232
Yi-1.5-34B-Chat,observer,3.398208523983318,1.3357154483445375,0.9477201671923711,1.4093985699403297
Yi-1.5-34B-Chat,outputs,3.7902991718964434,1.2577090546238745,0.9399809511864564,1.3380154704586065
Yi-1.5-6B-Chat,direct,4.24360607418389,1.1009148461462184,0.9001867118003731,1.222985000461059
Yi-1.5-6B-Chat,assistant,4.390845885712428,0.7264922219193996,0.8213585405511913,0.8845007217333739
Yi-1.5-6B-Chat,person,4.290502981175046,0.7277553765430667,0.8951959200788131,0.8129565385854253
Yi-1.5-6B-Chat,pda,4.061688041832532,1.380784929680893,0.9208426630897797,1.4994797537375513
Yi-1.5-6B-Chat,observer,4.511342673962111,0.7716387420548679,0.920661937168608,0.8381347277459475
Yi-1.5-6B-Chat,outputs,4.217588276806926,1.2924138836555532,0.9158425677136021,1.4111747250207645
Yi-1.5-9B-Chat,direct,3.967851275560521,1.29665239332426,0.9421742327169894,1.3762341914032676
Yi-1.5-9B-Chat,assistant,5.277342954372984,0.5792577168973184,0.7789661956715969,0.7436236901113572
Yi-1.5-9B-Chat,person,4.345237892881209,1.4261683245295291,0.9355840854043262,1.5243614622978432
Yi-1.5-9B-Chat,pda,4.242890620973795,1.0494040935733289,0.9353466864859062,1.121941317305496
Yi-1.5-9B-Chat,observer,3.9698138275522807,0.7974176927353529,0.8911425062077223,0.8948262339418449
Yi-1.5-9B-Chat,outputs,4.059051607869894,0.8510997789402104,0.8850843176949961,0.9616030494774885
aya-expanse-32b,direct,4.284261936071359,0.9064872448011012,0.888176585457066,1.0206160122253305
aya-expanse-32b,assistant,6.324771921218434,0.48031061066167785,0.765371424211861,0.6275523170417243
aya-expanse-32b,person,4.596702264544243,1.0926306324968846,0.8985288402293804,1.2160217720089572
aya-expanse-32b,pda,3.908046616513047,1.4192192454818384,0.8850621072119628,1.603525033912621
aya-expanse-32b,observer,3.908719662233402,1.0307685642195983,0.9178113344459751,1.1230723848510853
aya-expanse-32b,outputs,4.219663525926499,1.0705837023389,0.8997124149107253,1.1899176721320774
aya-expanse-8b,direct,4.3463528999196175,1.1826757248025983,0.939472024123698,1.2588727438752114
aya-expanse-8b,assistant,5.847596897659455,0.533683684216911,0.7114463385713108,0.7501390551656036
aya-expanse-8b,person,3.8458320908212738,1.2514470101369157,0.9141994028416872,1.368899395741161
aya-expanse-8b,pda,4.849758766301419,0.8489060111699249,0.8877153388195826,0.9562817876941686
aya-expanse-8b,observer,4.018573356386096,1.2335691025556683,0.9437607266680533,1.3070782325418262
aya-expanse-8b,outputs,4.51840469534796,0.9497184671179811,0.817373352141651,1.1619151329433048
c4ai-command-r7b-12-2024,direct,4.798262473661902,1.4044995657459332,0.9083918721697108,1.546138410938508
c4ai-command-r7b-12-2024,assistant,5.802391958237789,0.8592722568211695,0.8911944469336447,0.9641804431992251
c4ai-command-r7b-12-2024,person,5.108701134802047,0.7493380233476122,0.8804732662361394,0.8510627773525639
c4ai-command-r7b-12-2024,pda,4.837741774182606,0.7868897595737815,0.8580802703745739,0.9170351384845197
c4ai-command-r7b-12-2024,observer,5.049277068257495,1.0284802568545157,0.9304141132884558,1.1054005331233152
c4ai-command-r7b-12-2024,outputs,4.73417060313623,1.171520137656989,0.9181621126061086,1.2759404048286738
zephyr-7b-beta,direct,3.9674681578596522,1.1182987595067864,0.8839103447907505,1.2651721592550467
zephyr-7b-beta,assistant,4.966490402651621,0.3444073266635659,0.7383164677645045,0.46647656079834177
zephyr-7b-beta,person,3.5453480669701483,1.4504089759461831,0.9328799903569871,1.5547648046252471
zephyr-7b-beta,pda,4.390618437892626,0.336472899588952,0.7200820908828501,0.46727019578618123
zephyr-7b-beta,observer,3.410979858779196,1.429252402860608,0.943893838342062,1.514208849345889
zephyr-7b-beta,outputs,3.286361197053097,1.321159635433903,0.905932187025606,1.4583427483370353
SmolLM2-1.7B-Instruct,direct,4.5969920452993716,1.139422884502331,0.945196287529852,1.205488108168585
SmolLM2-1.7B-Instruct,assistant,4.799746281657652,0.7612610659287741,0.8829369407879513,0.8621918856961738
SmolLM2-1.7B-Instruct,person,4.611979490217182,0.8685660883241052,0.9365630503830874,0.9273973471074168
SmolLM2-1.7B-Instruct,pda,4.7925973180400385,0.7774400279052754,0.8013873838143813,0.9701176280126558
SmolLM2-1.7B-Instruct,observer,4.6063605895992215,1.0995353117016673,0.9531584282243432,1.153570360543328
SmolLM2-1.7B-Instruct,outputs,4.827346015272319,1.3537746216378455,0.945167680974733,1.4323115875499728
EXAONE-3.5-7.8B-Instruct,direct,3.972118666357133,1.0110603154919993,0.886799386419701,1.1401229308175103
EXAONE-3.5-7.8B-Instruct,assistant,6.081758042723544,0.5502323738529816,0.7334625591581959,0.7501846781170264
EXAONE-3.5-7.8B-Instruct,person,4.3536098005716894,1.3579466528175852,0.898713920397666,1.5109887829674615
EXAONE-3.5-7.8B-Instruct,pda,4.608479121134704,0.8450899011348555,0.8305453349467496,1.0175120677657394
EXAONE-3.5-7.8B-Instruct,observer,4.286882831846579,1.1677462619667642,0.9339955797152503,1.250269580850456
EXAONE-3.5-7.8B-Instruct,outputs,4.015682504698288,1.067924494735812,0.8666328502836846,1.2322686526205837
Qwen1.5-7B-Chat,direct,4.248479438593776,1.203695532038476,0.9352007706797508,1.2870985244842876
Qwen1.5-7B-Chat,assistant,5.194767420631465,0.7263643618251389,0.8478523583683448,0.8567109056852722
Qwen1.5-7B-Chat,person,3.0503690737198754,1.1463072184191143,0.925972874863355,1.2379490258699783
Qwen1.5-7B-Chat,pda,5.00311568064119,0.8621594089126136,0.8564210591336496,1.0067003837864152
Qwen1.5-7B-Chat,observer,3.6296295061648425,1.1571168375620908,0.9590488886531437,1.2065253932853275
Qwen1.5-7B-Chat,outputs,3.493787576751865,0.9043566412425676,0.8749998319312104,1.0335506456573413
Qwen2-7B-Instruct,direct,3.9607133416427973,0.9731599883467952,0.9637692687924341,1.0097437424687006
Qwen2-7B-Instruct,assistant,5.802409956614738,0.9318472955418163,0.8532568011542566,1.09210649628722
Qwen2-7B-Instruct,person,4.04414893199944,0.9842526197577027,0.9674521849668354,1.017365648713113
Qwen2-7B-Instruct,pda,3.930670721977077,1.0174467941458745,0.9264957433041998,1.0981667228359977
Qwen2-7B-Instruct,observer,3.4485852898199116,1.1168921395851001,0.957036164301953,1.1670323246350296
Qwen2-7B-Instruct,outputs,3.544048910713155,0.9764011626227105,0.9452975690356923,1.0329034947363165
Qwen2.5-0.5B-Instruct,direct,3.266776011432605,1.266820234688659,0.9576853704638414,1.322793762710495
Qwen2.5-0.5B-Instruct,assistant,3.744530242133504,0.4114662690769724,0.8741218307381098,0.4707195892013469
Qwen2.5-0.5B-Instruct,person,2.455161388150789,1.0728136363920284,0.9451337618454919,1.1350918565190455
Qwen2.5-0.5B-Instruct,pda,3.2708260932111344,1.6100987976753378,0.9091060187492036,1.7710792410005134
Qwen2.5-0.5B-Instruct,observer,3.009643677119349,0.9513700678609461,0.9706346976513038,0.9801525436531652
Qwen2.5-0.5B-Instruct,outputs,3.1517857268152807,0.6874309943060567,0.9023347011158445,0.76183592790565
Qwen2.5-1.5B-Instruct,direct,3.79946019119476,1.5719820672020237,0.9475940490311047,1.6589193112908869
Qwen2.5-1.5B-Instruct,assistant,5.509901092729597,0.48812176457436873,0.8133811877180921,0.6001144013961944
Qwen2.5-1.5B-Instruct,person,4.014254781236635,1.1744489972542338,0.9687160757162768,1.2123769045391715
Qwen2.5-1.5B-Instruct,pda,3.1953940394346207,0.8123388405080333,0.8630043556803267,0.9412917039887327
Qwen2.5-1.5B-Instruct,observer,3.853375475938649,1.0463203358610151,0.9634557337497723,1.0860076900354654
Qwen2.5-1.5B-Instruct,outputs,3.8140857556367327,0.9067879946003277,0.9466346813971105,0.9579070072332712
Qwen2.5-14B-Instruct,direct,4.020243405172178,1.1120511538026305,0.9243694232071732,1.2030375798717803
Qwen2.5-14B-Instruct,assistant,5.460252330253676,0.8408451824811433,0.8203890080065246,1.024934725203505
Qwen2.5-14B-Instruct,person,3.80141663588481,0.663104450562328,0.8130764917389065,0.815549898809844
Qwen2.5-14B-Instruct,pda,3.461573487694043,1.1262199263733474,0.9051976728511293,1.2441701521680424
Qwen2.5-14B-Instruct,observer,3.8363682418567087,1.200779615456811,0.9369056277363493,1.2816441484699008
Qwen2.5-14B-Instruct,outputs,3.992145645814758,1.0569996713237386,0.9082326803353296,1.163798324162353
Qwen2.5-32B-Instruct,direct,3.915633492860568,0.9221814453812653,0.8893870640241011,1.0368730136559257
Qwen2.5-32B-Instruct,assistant,5.621049076461367,0.7448465849543162,0.8403950902054961,0.8863052552724741
Qwen2.5-32B-Instruct,person,3.6382304031129507,0.6777186566483381,0.8112210629284756,0.8354303008378512
Qwen2.5-32B-Instruct,pda,3.1595695938414763,1.310663447901985,0.9066589101714883,1.4455970522079595
Qwen2.5-32B-Instruct,observer,3.6990600752319795,1.2143609091955947,0.9429791284135223,1.2877919273130123
Qwen2.5-32B-Instruct,outputs,4.180862577307435,1.130228955918502,0.9191188231492924,1.2296875305478525
Qwen2.5-3B-Instruct,direct,4.291254429230486,1.0903199800130814,0.8899354677019969,1.2251674639156924
Qwen2.5-3B-Instruct,assistant,5.052765754891961,1.0216737410059649,0.7623055907819886,1.340241700126994
Qwen2.5-3B-Instruct,person,4.310416337292421,1.0762709016444083,0.8877911954891757,1.2123018420467433
Qwen2.5-3B-Instruct,pda,5.458334203747359,1.2877266771884313,0.8205051800654604,1.569431502048159
Qwen2.5-3B-Instruct,observer,4.22660136086282,0.9324073968789607,0.8882674260187698,1.0496922093136152
Qwen2.5-3B-Instruct,outputs,4.223653547839571,0.5916013032691518,0.8133197998789693,0.7273907549738597
Qwen2.5-7B-Instruct,direct,4.135937052743451,0.8666300682428708,0.9236566721744243,0.93825995562041
Qwen2.5-7B-Instruct,assistant,6.106395084146724,0.7065929272542846,0.8082598677566039,0.8742150333598712
Qwen2.5-7B-Instruct,person,4.337125711370408,1.1890914940352393,0.9596345327990615,1.2391086954393962
Qwen2.5-7B-Instruct,pda,3.511366970371714,1.0784331277519372,0.9254300350793745,1.1653318855805663
Qwen2.5-7B-Instruct,observer,3.7443666388604364,1.0151704475827952,0.9632039356069598,1.053951723051348
Qwen2.5-7B-Instruct,outputs,3.837720533714078,1.1440819351328746,0.9397166102785173,1.2174754842247457
Qwen3-14B,direct,4.248806019678651,0.8038425773048508,0.8146318297785765,0.9867556703785336
Qwen3-14B,assistant,5.622370573112612,2.3211361381712514,0.851834050205009,2.7248689314692554
Qwen3-14B,person,4.2525331642120765,0.7512951391606337,0.8144131896288167,0.9224987374075433
Qwen3-14B,pda,4.0951292972667614,0.5382870320431796,0.6315829938864895,0.8522823401732101
Qwen3-14B,observer,4.311513064128867,0.8980735297202214,0.8231277576429525,1.09104998754006
Qwen3-14B,outputs,4.233829582397319,0.6873655835998642,0.7792553184557047,0.8820800671108102
Qwen3-8B,direct,4.624146215179692,1.1132893956150605,0.9173325621621821,1.2136159137216307
Qwen3-8B,assistant,5.099623455507249,1.1560978558236732,0.8703118126451241,1.328372014519675
Qwen3-8B,person,4.337018507288303,0.6716310558880842,0.892041909064115,0.7529142398620327
Qwen3-8B,pda,4.443443424373093,0.9931322367415673,0.8921789038459639,1.1131536875176256
Qwen3-8B,observer,4.62026819090471,1.1397798235191643,0.9665983341480582,1.1791659298934607
Qwen3-8B,outputs,4.441368818079248,0.9260696324124487,0.8954376316352033,1.034208971898252
Qwen3.8-27B,direct,3.7889951685297882,0.9601563075796233,0.9557817929323379,1.004576896818535
Qwen3.8-27B,assistant,5.718022945651727,0.8940644281928831,0.8889166234827879,1.0057910996083375
Qwen3.8-27B,person,4.018317009619651,1.023521190776781,0.969714774575193,1.0554868478983002
Qwen3.8-27B,pda,4.196189797842859,1.050645567839186,0.9625080610549261,1.0915706687044882
Qwen3.8-27B,observer,3.7588794249203024,0.8850656411634438,0.9655084552783737,0.9166834700668294
Qwen3.8-27B,outputs,3.7003772730967412,1.1865468644480812,0.9289333221428281,1.277321887550551
glm-4-9b-chat-hf,direct,3.6844379046443394,1.153435156347472,0.9002159956251686,1.2812871154843801
glm-4-9b-chat-hf,assistant,5.0909037483027815,1.1346538143162592,0.8279132536625151,1.3704984299946745
glm-4-9b-chat-hf,person,3.7554601829188434,1.1607245111094935,0.9240881565085785,1.2560755193476156
glm-4-9b-chat-hf,pda,2.8111878542621564,0.3846538105193394,0.8464365148112621,0.45443905572186843
glm-4-9b-chat-hf,observer,4.016048724756111,1.4929339628586835,0.9334010074411304,1.5994561297415806
glm-4-9b-chat-hf,outputs,3.1472231497448058,0.6735987448487533,0.832857677164271,0.8087801353314463
Llama-3.1-Tulu-3-8B,direct,4.159871864404719,1.1331392730428202,0.9512489624596866,1.1912120987893773
Llama-3.1-Tulu-3-8B,assistant,5.677187706565267,0.8791053712165713,0.8512467316433082,1.0327268681777875
Llama-3.1-Tulu-3-8B,person,3.739619981516933,0.8274353992854553,0.9057956702971122,0.9134901241182202
Llama-3.1-Tulu-3-8B,pda,4.131171880351055,0.7367607993925614,0.9126398744956038,0.8072853487798275
Llama-3.1-Tulu-3-8B,observer,3.8895781617549834,1.2109242493010623,0.9466734597732568,1.279136154921992
Llama-3.1-Tulu-3-8B,outputs,3.77468956015438,1.2126349077615286,0.9358280521802222,1.2957881578099977
OLMo-2-0325-32B-Instruct,direct,4.706193285999098,1.1624765027928952,0.9545690567996786,1.2178024151445408
OLMo-2-0325-32B-Instruct,assistant,6.19076879546038,0.9881843351169511,0.8432475226474162,1.1718793219984789
OLMo-2-0325-32B-Instruct,person,4.1500796546205345,0.7252585780426732,0.7306166149931395,0.9926664178715446
OLMo-2-0325-32B-Instruct,pda,4.716758376394175,0.9669293697818769,0.9290125044334773,1.0408141603772298
OLMo-2-0325-32B-Instruct,observer,4.785298045213065,1.145736228929034,0.9596820210368274,1.1938706819694258
OLMo-2-0325-32B-Instruct,outputs,4.694883437347193,1.0114149853365693,0.9425210055768152,1.0730954316690176
OLMo-2-1124-13B-Instruct,direct,3.5670347011494647,1.208767170318168,0.9529991345668436,1.2683822329676888
OLMo-2-1124-13B-Instruct,assistant,5.156678721436747,1.0210081948548688,0.858696725910229,1.189020714819412
OLMo-2-1124-13B-Instruct,person,3.0633185870153827,0.5979879321301435,0.8909680686660696,0.6711665133245828
OLMo-2-1124-13B-Instruct,pda,3.9302397289048394,0.8983151829612602,0.9194414159913291,0.9770227524422631
OLMo-2-1124-13B-Instruct,observer,3.3817902567586344,1.2059512237533023,0.9640888559797851,1.2508714484908314
OLMo-2-1124-13B-Instruct,outputs,3.7607624642021538,1.0679702959822557,0.9341916215937036,1.1432026056499305
DeepSeek-R1-Distill-Llama-8B,direct,3.6750492319842207,1.27538395277467,0.8067121995178379,1.5809652482470837
DeepSeek-R1-Distill-Llama-8B,assistant,4.272410723057558,0.8960022916985427,0.6446892975366174,1.3898203291449098
DeepSeek-R1-Distill-Llama-8B,person,3.677482276274211,0.8976745269600289,0.6827376463935294,1.3148162133754813
DeepSeek-R1-Distill-Llama-8B,pda,3.5048310692935774,0.8995448785385177,0.5804046449389783,1.5498581659922663
DeepSeek-R1-Distill-Llama-8B,observer,3.6742337250584898,0.9317360285434676,0.727935087697166,1.27997131102861
DeepSeek-R1-Distill-Llama-8B,outputs,4.2718450292575465,1.099658321484774,0.7472850918780937,1.4715378821770524
DeepSeek-R1-Distill-Qwen-7B,direct,5.862350335383268,2.397904946939568,0.8815139158985945,2.7202122436095646
DeepSeek-R1-Distill-Qwen-7B,assistant,5.947504897317691,0.2964326666478614,0.3868761739895203,0.7662210458478408
DeepSeek-R1-Distill-Qwen-7B,person,6.195523703546894,0.8937782259602421,0.7235153136295419,1.235327309765663
DeepSeek-R1-Distill-Qwen-7B,pda,5.926561015538204,0.6322944214277813,0.5493017460465738,1.1510875870657997
DeepSeek-R1-Distill-Qwen-7B,observer,5.847973804033104,1.3220145069808658,0.836107788211994,1.5811532025170785
DeepSeek-R1-Distill-Qwen-7B,outputs,6.056685699034161,0.45757523204368,0.602660884394373,0.7592582228121664
gemma-2-27b-it,direct,3.7151549375253747,1.1401509563716883,0.9412504808229268,1.2113151383198917
gemma-2-27b-it,assistant,5.894841724161018,0.503825385607712,0.7486189493502511,0.6730064554804511
gemma-2-27b-it,person,3.477226790104059,0.9397725411161731,0.8887317063557838,1.0574310946659944
gemma-2-27b-it,pda,3.318169334193875,1.1320297969673094,0.9189908867960652,1.2318183055263747
gemma-2-27b-it,observer,3.334063794094034,1.1643080626996127,0.944751179296975,1.232396516896669
gemma-2-27b-it,outputs,3.396450102915215,1.1199132572375043,0.9174762894384402,1.2206454489662832
gemma-2-2b-it,direct,4.4349134164716695,1.4113827847381841,0.8500837309298586,1.6602867851550955
gemma-2-2b-it,assistant,5.836852016106149,0.16563020498457345,0.3057530222144503,0.5417124049501729
gemma-2-2b-it,person,4.942698302814197,0.8007762824239837,0.769630441130828,1.0404685672871683
gemma-2-2b-it,pda,4.5803081263240495,0.8107492488917535,0.5263586068991268,1.5402982648427141
gemma-2-2b-it,observer,4.490064574821181,1.7423628328735774,0.8370593356620986,2.081528463565131
gemma-2-2b-it,outputs,4.688085892924006,1.0690986460879275,0.7737225834304323,1.381759650012921
gemma-2-9b-it,direct,3.5189408682509136,1.0139610799408194,0.8728283496531009,1.1616958596083762
gemma-2-9b-it,assistant,5.993702419845134,0.815158635491402,0.7929252782323202,1.0280396625879387
gemma-2-9b-it,person,3.9163325442340406,0.6617743172085586,0.7557918896553318,0.8756038881422129
gemma-2-9b-it,pda,3.375913428335543,1.2849144823261414,0.8914216821352883,1.4414216168135943
gemma-2-9b-it,observer,3.6396286755140546,1.0879822845769704,0.9084010949995897,1.1976893142972949
gemma-2-9b-it,outputs,3.9087470852842903,1.1362092004561075,0.8902942794714971,1.2762175683422254
gemma-2b-it,direct,4.6066650904904085,1.3185509955737131,0.9801779186353275,1.3452159761051263
gemma-2b-it,assistant,4.9920167907991155,0.708717930085673,0.9128094334517185,0.7764138977022951
gemma-2b-it,person,4.699940056276857,1.2410022990307186,0.965663497753836,1.2851291385843306
gemma-2b-it,pda,5.787635934679868,0.3075600665896027,0.7112577959603668,0.4324171465485643
gemma-2b-it,observer,4.564321449553005,1.189040234713715,0.9675281477530934,1.2289464006551574
gemma-2b-it,outputs,4.334553347740098,1.235128474006578,0.954062610664981,1.2945989709686814
gemma-3-12b-it,direct,4.192246301876349,1.053073732013641,0.8783296577012142,1.1989504427867905
gemma-3-12b-it,assistant,5.240307463341662,0.777009386032337,0.8036973421033657,0.966793524536011
gemma-3-12b-it,person,4.43299651555494,0.82844152755619,0.7864261459333743,1.0534257181555802
gemma-3-12b-it,pda,2.966449623814188,1.2425560901278512,0.8630410798535975,1.4397415362182218
gemma-3-12b-it,observer,4.3887843874238905,1.0568726129462371,0.898068862376791,1.1768280331523384
gemma-3-12b-it,outputs,4.532565674013119,1.0420466513237447,0.8875498270904953,1.1740711558017087
gemma-3-1b-it,direct,4.091718358615858,1.2157216772730013,0.8891916101435127,1.367221264128648
gemma-3-1b-it,assistant,3.2988574619720548,0.6071440325777626,0.745624712757805,0.814275629803295
gemma-3-1b-it,person,4.437943974092477,1.1944137772736219,0.8996537198990427,1.3276372351438246
gemma-3-1b-it,pda,5.37462690446254,0.7834985541196562,0.679176382545554,1.1536010000570138
gemma-3-1b-it,observer,4.405379419754487,1.233823735016901,0.9232379737877939,1.3364092141431947
gemma-3-1b-it,outputs,3.55878694984201,0.9653982237390559,0.8184372203181753,1.1795629521391366
gemma-3-27b-it,direct,4.451442967280011,1.1005014110555849,0.9183260420427302,1.1983776574686074
gemma-3-27b-it,assistant,5.9225522881282835,0.7729556214435875,0.8021817789064416,0.963566665023611
gemma-3-27b-it,person,4.496500330557178,0.7044276777202142,0.7608932281260264,0.9257904416564737
gemma-3-27b-it,pda,4.1364226847133425,1.3106064786154896,0.9202065779889933,1.4242524558775387
gemma-3-27b-it,observer,4.207822172800575,1.0289745486952253,0.923121739308099,1.11466830958446
gemma-3-27b-it,outputs,4.352776244218128,1.0825342624698981,0.8971100205193329,1.2066906373905222
gemma-3-4b-it,direct,4.106688474876241,1.1167640382506139,0.9218335577498836,1.2114595187623012
gemma-3-4b-it,assistant,5.763828452151292,0.6545665729143101,0.7472687720593529,0.8759453056099609
gemma-3-4b-it,person,4.312647399981159,1.2246450084581837,0.9212498472386632,1.329329944671266
gemma-3-4b-it,pda,3.9676355541460664,0.7560581120133811,0.8881711931901434,0.8512526839536003
gemma-3-4b-it,observer,4.004560227316815,1.2225200746024978,0.9593434007074517,1.2743299987272243
gemma-3-4b-it,outputs,3.8075318748906186,1.0254461937610124,0.8886604471827652,1.153923522771702
gemma-4-31B-it,direct,3.7257671861667387,0.8430251937596412,0.8173266858141375,1.0314421496221002
gemma-4-31B-it,assistant,5.079194010755855,1.2136807504994822,0.8360191581521194,1.451737963974559
gemma-4-31B-it,person,3.9311170243439273,0.635191074498026,0.7373134631018141,0.8614939320731129
gemma-4-31B-it,pda,3.0985753636337243,1.2325576981242532,0.8824749526152721,1.3967055886079116
gemma-4-31B-it,observer,3.5680978395986447,0.7235727919610107,0.777324095751925,0.9308508457609054
gemma-4-31B-it,outputs,3.517545976262905,1.351972491157588,0.8841799157897053,1.5290694427842473
gemma-7b-it,direct,2.9546062926140793,1.3123847695131077,0.9318080403372669,1.4084282520658353
gemma-7b-it,assistant,5.001146287558763,0.44652672034176666,0.8574254912321979,0.5207761198002959
gemma-7b-it,person,3.442080289292221,1.2872730292951773,0.9575854116704281,1.3442905599925925
gemma-7b-it,pda,4.231637592850284,0.31335511078570444,0.6752368439069251,0.4640669620049604
gemma-7b-it,observer,3.7217985285415125,1.3979932336391236,0.9633920090979026,1.4511156626139874
gemma-7b-it,outputs,3.755237312578417,1.242467136425122,0.9488333671948458,1.309468215792602
granite-3.1-8b-instruct,direct,3.781202413194968,0.9592714370743466,0.9264395507030531,1.035438778867308
granite-3.1-8b-instruct,assistant,6.181025034082976,0.5243904172134962,0.7099145653612842,0.7386669365582428
granite-3.1-8b-instruct,person,3.7667237118953247,1.2261006004021022,0.9598968982724719,1.2773253071332114
granite-3.1-8b-instruct,pda,2.589207953684091,1.0213490761210828,0.8534540813162915,1.1967241102718087
granite-3.1-8b-instruct,observer,3.3486984664979196,1.1269244518754162,0.9646344856954403,1.1682398551851219
granite-3.1-8b-instruct,outputs,3.3102702697821154,1.1419640173135555,0.9360652208228466,1.219962019644009
granite-3.3-8b-instruct,direct,3.301768099536123,1.0531371668355825,0.9111149247365157,1.1558774181425449
granite-3.3-8b-instruct,assistant,5.58891640114924,0.7934530206489404,0.7686726846116254,1.0322378257136002
granite-3.3-8b-instruct,person,2.30160218261243,0.8857477740940031,0.8620061735755055,1.0275422627427595
granite-3.3-8b-instruct,pda,2.919141852035338,1.1266268175961576,0.9040811385372719,1.246156754712244
granite-3.3-8b-instruct,observer,3.009072579751434,1.0336603767278547,0.9507468858809733,1.0872087956092042
granite-3.3-8b-instruct,outputs,2.857515196503711,1.1073748440974636,0.8824045962573364,1.2549513554148788
internlm2_5-7b-chat,direct,2.7647809825504237,1.1260116811645469,0.8054047905001664,1.398069262122565
internlm2_5-7b-chat,assistant,2.7572693800991925,0.8648045359703677,0.7310193299327167,1.18301185831839
internlm2_5-7b-chat,person,2.7753113175010817,0.9691099628152863,0.7329293994729097,1.322241901487683
internlm2_5-7b-chat,pda,2.8884814769793525,1.0165145968519111,0.6438326447909631,1.5788491078794995
internlm2_5-7b-chat,observer,2.807090760857807,1.019790330493123,0.7790149768905105,1.3090766682865111
internlm2_5-7b-chat,outputs,2.7881985099562563,1.0037688927047665,0.7458138376000067,1.3458705672917608
internlm3-8b-instruct,direct,4.528525088677914,1.1378138226156858,0.746995033614478,1.523187934878437
internlm3-8b-instruct,assistant,4.571132185381094,0.6593287614765018,0.5570909936538786,1.1835207694744094
internlm3-8b-instruct,person,4.467864758008987,1.030273324196103,0.7024933429577616,1.4665951421806567
internlm3-8b-instruct,pda,3.266547665334034,1.02122760954683,0.3562959183416195,2.8662343770317023
internlm3-8b-instruct,observer,4.506389968664228,1.0804760747569466,0.712917885408123,1.5155687588598061
internlm3-8b-instruct,outputs,4.527353417032386,1.0708804074079326,0.7104508944155635,1.507325018274301
vicuna-7b-v1.5,direct,4.696756802516784,1.2082271112193692,0.9481660938133468,1.2742779130184938
vicuna-7b-v1.5,assistant,4.924492780789294,0.6750449462569434,0.896312773150325,0.7531354751135831
vicuna-7b-v1.5,person,4.777691947064545,1.0084631766006231,0.9382787550130766,1.0748012477236242
vicuna-7b-v1.5,pda,4.585518903188985,1.02679324195628,0.9054252450934117,1.1340452980746594
vicuna-7b-v1.5,observer,4.69512045381969,1.1159658554943683,0.9480478276418111,1.1771197854756323
vicuna-7b-v1.5,outputs,4.5698900744349205,0.9655056684724158,0.9448308946092725,1.021881983306328
Llama-2-13b-chat-hf,direct,2.2641307271630016,0.8500532237164063,0.7657625182163945,1.1100742116450684
Llama-2-13b-chat-hf,assistant,2.434148491181481,0.9460874578987238,0.7892542195168404,1.198710674588338
Llama-2-13b-chat-hf,person,2.4235440647114914,1.0421517935612263,0.8353841119498816,1.2475121068902375
Llama-2-13b-chat-hf,pda,2.6447710149562327,1.1141728294027218,0.7042746536828438,1.582014663705998
Llama-2-13b-chat-hf,observer,2.331210213570898,1.0830932306977024,0.8158423953865914,1.3275765476547379
Llama-2-13b-chat-hf,outputs,2.5020872899226196,0.9644414647232177,0.8098206255218798,1.1909322068719776
Llama-2-7b-chat-hf,direct,5.158131732898361,1.716592531799415,0.8840860970353658,1.9416576480002565
Llama-2-7b-chat-hf,assistant,5.338557681770681,0.3236544557911816,0.48417496873989996,0.6684658990808954
Llama-2-7b-chat-hf,person,4.581746172277543,1.376975571685057,0.86793045050948,1.58650450721802
Llama-2-7b-chat-hf,pda,3.6706750540448625,0.2873735008067703,0.29211935205608225,0.9837537252636354
Llama-2-7b-chat-hf,observer,4.455256342752338,1.5559750971895134,0.877823196824872,1.7725381407298744
Llama-2-7b-chat-hf,outputs,5.517745033131137,0.7394288427280631,0.6460506202118285,1.1445370062265672
Llama-3.1-8B-Instruct,direct,4.161629957882445,0.7555877838516389,0.8030323167421739,0.9409182770090587
Llama-3.1-8B-Instruct,assistant,5.20601476566259,1.5524930836906456,0.8336940478790782,1.8621856394923233
Llama-3.1-8B-Instruct,person,4.031568659350137,0.4630125732538423,0.790344430670779,0.5858364471055684
Llama-3.1-8B-Instruct,pda,4.408952546410266,0.9193401638392754,0.8339906594712154,1.1023386813734521
Llama-3.1-8B-Instruct,observer,4.186453151126926,1.53644464967616,0.9093018734991757,1.6896970021227533
Llama-3.1-8B-Instruct,outputs,4.216572043308704,0.7731217456884372,0.8064210174659566,0.9587073364206742
Llama-3.2-1B-Instruct,direct,4.245994055059676,1.8654054490439655,0.7819169892475856,2.3856822075691
Llama-3.2-1B-Instruct,assistant,3.3800568155621726,0.8206908165830483,0.6306521533187988,1.3013367389045987
Llama-3.2-1B-Instruct,person,4.214014549209872,0.5368757118922005,0.5670624861753438,0.946766405785818
Llama-3.2-1B-Instruct,pda,3.592541747280069,0.506984063928568,0.49236824735322055,1.0296847261250426
Llama-3.2-1B-Instruct,observer,4.008311619637647,0.8785177211472365,0.7999846590020373,1.09816821017939
Llama-3.2-1B-Instruct,outputs,3.868689216306089,1.3915262374049822,0.8623425227706966,1.6136583789629493
Llama-3.2-3B-Instruct,direct,3.349332777870664,1.2837869567738867,0.9306225367325325,1.379492657980683
Llama-3.2-3B-Instruct,assistant,4.083520986015528,0.4989412811835302,0.6877053632802245,0.7255160535664209
Llama-3.2-3B-Instruct,person,3.6203812246244023,0.8454264404080821,0.894628982865446,0.9450022932414165
Llama-3.2-3B-Instruct,pda,4.234047695592107,0.7754573618247276,0.8477200013629593,0.9147564768767422
Llama-3.2-3B-Instruct,observer,3.676482922449663,1.1277511537555334,0.9517550905847154,1.184917385692882
Llama-3.2-3B-Instruct,outputs,3.6268441940458453,1.46863680605424,0.9468598901379903,1.5510603219661239
Meta-Llama-3-8B-Instruct,direct,3.5631821281856415,1.1729593526736328,0.9021584220859519,1.3001700410461616
Meta-Llama-3-8B-Instruct,assistant,4.135852242531977,0.6000401874666346,0.745501721183258,0.8048810222922794
Meta-Llama-3-8B-Instruct,person,3.6958927037847795,0.5830384166466023,0.8536430841989302,0.683000222737976
Meta-Llama-3-8B-Instruct,pda,3.905777920352284,0.9841787930722437,0.8945723381730314,1.1001668071720323
Meta-Llama-3-8B-Instruct,observer,3.2683442982857245,1.4847302980887052,0.9331804449368505,1.591043089409335
Meta-Llama-3-8B-Instruct,outputs,3.3802493567065595,1.175052952052184,0.896156615732766,1.3112138340811894
Muse-Glimmer-30B,direct,3.3907268031776194,0.9213732234750631,0.7812618581377284,1.1793398255372591
Muse-Glimmer-30B,assistant,4.738821494345203,1.1720916923744176,0.8276400188530917,1.4161853773077007
Muse-Glimmer-30B,person,2.4069246397962996,0.47417947372252267,0.39303013360991856,1.2064710391726472
Muse-Glimmer-30B,pda,3.384168843217925,1.2854932484111872,0.8714961101530935,1.475041865861418
Muse-Glimmer-30B,observer,3.3574829333814225,0.9137379145210738,0.8041080269609684,1.1363372630098454
Muse-Glimmer-30B,outputs,3.670220353671056,1.233124447495735,0.8202532184865565,1.5033460640007783
Phi-3-medium-4k-instruct,direct,5.091438698472729,1.1739265510613544,0.9451645842717179,1.2420340019044467
Phi-3-medium-4k-instruct,assistant,5.616756899246369,0.7915314350482164,0.8654358008251192,0.914604450490214
Phi-3-medium-4k-instruct,person,5.199431980111589,0.7646222092805889,0.9526952494274584,0.802588456004272
Phi-3-medium-4k-instruct,pda,4.231880156216909,1.484037183172038,0.9505407551455726,1.5612557116972454
Phi-3-medium-4k-instruct,observer,5.178674703196746,0.9636456997060188,0.9585811157904519,1.005283417159111
Phi-3-medium-4k-instruct,outputs,5.142714736346146,0.8222369217317823,0.9470414034222118,0.8682164462509897
Phi-3-mini-4k-instruct,direct,3.904672648517122,1.117624060298173,0.9432940348668388,1.1848098461217809
Phi-3-mini-4k-instruct,assistant,3.9986594310352155,0.9034126872044493,0.8070742124655682,1.119367554124388
Phi-3-mini-4k-instruct,person,3.8626161804469605,0.9343715225599803,0.9470556751686543,0.9866067508582163
Phi-3-mini-4k-instruct,pda,4.117102417155425,1.0618590862809736,0.9171651659582606,1.1577621192923695
Phi-3-mini-4k-instruct,observer,3.897479037852909,1.010618192645149,0.9494338139802706,1.0644430162102378
Phi-3-mini-4k-instruct,outputs,3.8645415140276835,0.9721144510112752,0.9404517694690856,1.0336675229608683
Phi-3.5-mini-instruct,direct,4.787469943861471,1.1571487523566923,0.9114261802824637,1.2696022754120093
Phi-3.5-mini-instruct,assistant,5.776112906439009,0.546899891012931,0.670198099597455,0.816027218432011
Phi-3.5-mini-instruct,person,4.421434206783789,1.2195671339562055,0.951760122828513,1.2813807856666695
Phi-3.5-mini-instruct,pda,4.372990344159363,0.9395157754273668,0.8828749732645976,1.0641549527146854
Phi-3.5-mini-instruct,observer,4.719608830863046,1.0743970244303835,0.9375914914874427,1.1459116621524639
Phi-3.5-mini-instruct,outputs,4.740242908931176,1.062471422816421,0.9253589812080502,1.1481721627960768
Phi-4-mini-instruct,direct,4.7958832545627645,1.2346541532063935,0.9787091663739174,1.2615128126169939
Phi-4-mini-instruct,assistant,6.0714629717837605,0.5922435698765522,0.8212132220440436,0.7211812401198637
Phi-4-mini-instruct,person,4.903184504162485,1.0737947939184629,0.9775973695340432,1.0984018854615685
Phi-4-mini-instruct,pda,4.7135147567821285,0.873112218635035,0.9370250484191488,0.9317917595778883
Phi-4-mini-instruct,observer,4.949609196420996,0.999202033400624,0.9726737943292564,1.027273520913207
Phi-4-mini-instruct,outputs,4.4930734822758565,1.2269932309629323,0.9674628394448981,1.2682587701941554
phi-4,direct,4.066986306001276,1.350697785579043,0.9310636925277712,1.4507039598032176
phi-4,assistant,5.540643608054299,1.7476018948463623,0.8954791109015036,1.95158309509532
phi-4,person,4.021693672650119,0.47455499677902785,0.6700760630423104,0.708210638989895
phi-4,pda,4.023100532416672,0.4363514531934558,0.6364746812285317,0.6855755084416
phi-4,observer,4.19548025045685,0.9702190110927119,0.9350678099950226,1.0375921411495028
phi-4,outputs,4.259893123927446,1.0205748585094006,0.9036694372399947,1.1293674616533016
Ministral-8B-Instruct-2410,direct,4.831719148250867,1.192483338846218,0.9579619098055443,1.2448128956278426
Ministral-8B-Instruct-2410,assistant,5.3417359035490435,0.9886699801167319,0.8988943526014334,1.0998733914118883
Ministral-8B-Instruct-2410,person,4.911875078622132,0.9865984767164501,0.9734430715593803,1.013514303549355
Ministral-8B-Instruct-2410,pda,5.223701645966002,0.8353348410141922,0.9406419124277053,0.8880476512664361
Ministral-8B-Instruct-2410,observer,4.7016282856159135,1.0780185571546312,0.9756958595878722,1.1048715094578543
Ministral-8B-Instruct-2410,outputs,4.726243061560651,0.918894806151775,0.9577295152692414,0.9594512766931396
Mistral-7B-Instruct-v0.1,direct,3.5104299615012713,1.8015546348522309,0.9451121916424963,1.9061807167266949
Mistral-7B-Instruct-v0.1,assistant,4.6045111524813205,0.6217123858647994,0.8294367502617317,0.7495597291398242
Mistral-7B-Instruct-v0.1,person,4.251342523201499,1.0505752533112487,0.9158956220243449,1.1470469211210226
Mistral-7B-Instruct-v0.1,pda,4.252547395867477,0.5047458067121774,0.8408518871313949,0.6002790912846031
Mistral-7B-Instruct-v0.1,observer,4.12004035666914,1.171808035127756,0.9415410767811678,1.2445639006359643
Mistral-7B-Instruct-v0.1,outputs,3.98778852629226,0.8496038841317869,0.8242786677412878,1.0307240953595174
Mistral-7B-Instruct-v0.3,direct,3.821737418707025,1.1606720135783573,0.9517259693796847,1.2195443341058134
Mistral-7B-Instruct-v0.3,assistant,5.704283507485235,0.4830928006651281,0.6979595825367981,0.6921501083333265
Mistral-7B-Instruct-v0.3,person,4.014481278480096,1.3607261580411252,0.9463679933421224,1.437840425303995
Mistral-7B-Instruct-v0.3,pda,3.6176581625536013,0.7639211708098277,0.8390436470685574,0.9104665454280096
Mistral-7B-Instruct-v0.3,observer,3.5404225908876437,1.1282753436754218,0.9649591087257521,1.1692467934370112
Mistral-7B-Instruct-v0.3,outputs,3.692455238516572,1.1033125132301391,0.9382682586948282,1.1759030565148767
Mistral-Nemo-Instruct-2407,direct,4.3362017812621385,1.2309245814046628,0.9620038774646116,1.2795422245581793
Mistral-Nemo-Instruct-2407,assistant,5.470633298221394,1.2268230296321185,0.8863616343789102,1.3841111596529962
Mistral-Nemo-Instruct-2407,person,3.9131798797834123,0.46955686206351915,0.8944255923105845,0.5249814697838701
Mistral-Nemo-Instruct-2407,pda,4.338873427222448,1.043764067936057,0.9311235483941112,1.1209726891089957
Mistral-Nemo-Instruct-2407,observer,4.240229598175265,1.1834829983896908,0.970661168756704,1.219254500420147
Mistral-Nemo-Instruct-2407,outputs,4.213227379253793,0.8454484605739512,0.9329763958760777,0.9061841910588355
Mistral-Small-24B-Instruct-2501,direct,4.068025963463509,0.5737607799881391,0.8003002647667932,0.7169318882523833
Mistral-Small-24B-Instruct-2501,assistant,4.906431083037695,1.2400563750954348,0.8501839201659847,1.4585742516199711
Mistral-Small-24B-Instruct-2501,person,4.09405182136559,0.46545672495255486,0.7735695753803571,0.6016998855257382
Mistral-Small-24B-Instruct-2501,pda,3.552653207250509,1.6863398982723588,0.8591202610977822,1.9628682672639526
Mistral-Small-24B-Instruct-2501,observer,4.027083642751459,0.7124717085908279,0.8646127502279238,0.8240356256636401
Mistral-Small-24B-Instruct-2501,outputs,4.191244653237719,1.3219145131006846,0.8661667065197853,1.5261663870827722
Llama-3.1-Nemotron-Nano-8B-v1,direct,4.377221204912729,1.2930673811709072,0.909871652166685,1.421153607865148
Llama-3.1-Nemotron-Nano-8B-v1,assistant,5.142776831028856,1.2199875271712688,0.8188859738614113,1.489813681163063
Llama-3.1-Nemotron-Nano-8B-v1,person,4.302236087690217,1.0073945816410395,0.906023732928721,1.1118854231164974
Llama-3.1-Nemotron-Nano-8B-v1,pda,5.113013428835703,0.08970196401600998,0.1863020919740389,0.48148661706122914
Llama-3.1-Nemotron-Nano-8B-v1,observer,4.367645715516558,1.1177058537318816,0.9390051882054282,1.1903084964503505
Llama-3.1-Nemotron-Nano-8B-v1,outputs,4.45999763534158,1.2721426922688928,0.9294042856023313,1.3687721392896723
stablelm-2-12b-chat,direct,5.664678829899597,2.5190540101855032,0.8371788244123815,3.0089796071390555
stablelm-2-12b-chat,assistant,6.1261028438808705,0.9500210387838518,0.5439893651337955,1.7463963446237443
stablelm-2-12b-chat,person,6.007479908822002,0.17647252971716004,0.20352431816992328,0.8670832621083756
stablelm-2-12b-chat,pda,5.642280330484031,1.4267216522941888,0.817637322299614,1.744932151924668
stablelm-2-12b-chat,observer,5.981911886827207,0.16522652815845837,0.3386154023174299,0.48794746791691773
stablelm-2-12b-chat,outputs,5.868954786691168,0.7625042408608376,0.6124171060568862,1.24507338759739
Falcon3-10B-Instruct,direct,4.134023059193965,1.0221858556201178,0.9215757337822418,1.1091718435607691
Falcon3-10B-Instruct,assistant,5.56197839032718,0.776154199348649,0.8661034842847989,0.8961448757934197
Falcon3-10B-Instruct,person,4.062548719615014,1.409276924210936,0.9493185304508811,1.4845142899945258
Falcon3-10B-Instruct,pda,4.137053201170214,0.5794010044523196,0.8188890680732493,0.7075451694764746
Falcon3-10B-Instruct,observer,3.578766720814045,1.3536942376467722,0.9416946270588795,1.4375087196522072
Falcon3-10B-Instruct,outputs,3.985312387436584,0.8592877787212043,0.8911121465984392,0.964286910464957
Falcon3-3B-Instruct,direct,4.302729390089769,1.0254542685489156,0.8972889286751636,1.1428361988852203
Falcon3-3B-Instruct,assistant,5.166777828763829,0.5774425196997554,0.6983560081638587,0.8268598149788773
Falcon3-3B-Instruct,person,4.4957581066796815,0.8599903528061105,0.8427564898068879,1.0204493981448564
Falcon3-3B-Instruct,pda,4.469892298394599,1.374832753258419,0.8499787522269039,1.617490730981713
Falcon3-3B-Instruct,observer,4.241489009297319,1.315388009302697,0.9175134090680189,1.4336444528247565
Falcon3-3B-Instruct,outputs,4.354192449896202,0.8468920963841025,0.9117881912606665,0.9288254712019944
Falcon3-7B-Instruct,direct,4.50674864651883,1.1712644092337259,0.9177415258313052,1.276246498896054
Falcon3-7B-Instruct,assistant,6.647314667078649,0.7193714254388575,0.7406897218536574,0.9712183174873164
Falcon3-7B-Instruct,person,4.7533811891972455,0.849540656673678,0.8351047652725206,1.0172863238260248
Falcon3-7B-Instruct,pda,4.326298792059363,0.8741728666117323,0.8128013024136332,1.075506232600581
Falcon3-7B-Instruct,observer,4.421030416489564,1.2137531388442022,0.928622651241395,1.307046664456915
Falcon3-7B-Instruct,outputs,4.383486229447498,1.171897503197804,0.9216372318820015,1.271538803618823
falcon-7b-instruct,direct,2.9429261533513853,1.0676984549829676,0.8490198406452278,1.2575659647382935
falcon-7b-instruct,assistant,3.860291421591586,0.3379239804928842,0.44816175072878756,0.7540223589883832
falcon-7b-instruct,person,3.0746670751397027,0.8329226475458922,0.8412321408505106,0.9901222351107307
falcon-7b-instruct,pda,3.0107185831895227,1.7059175675586036,0.7868383818650968,2.1680660309363047
falcon-7b-instruct,observer,2.994959720347156,1.2684823226947892,0.892174795686739,1.4217867718605441
falcon-7b-instruct,outputs,2.780460286587543,0.7870550267248613,0.7627586897615304,1.0318532417781137
falcon-mamba-7b-instruct,direct,3.99718236410979,1.2971071629976756,0.9708215102692955,1.3360923190070975
falcon-mamba-7b-instruct,assistant,4.92933086711835,0.3927161488411529,0.8147638819807275,0.48199994811557223
falcon-mamba-7b-instruct,person,3.8999579266698765,0.7331297343090118,0.9534769444298693,0.7689013757405386
falcon-mamba-7b-instruct,pda,4.138179311270841,1.7008478866329257,0.9591707258135131,1.7732483288523682
falcon-mamba-7b-instruct,observer,4.337563876682339,1.0439328701395034,0.9751422236651323,1.070544218889238
falcon-mamba-7b-instruct,outputs,4.024543950761448,0.8322661970797299,0.9436513694390622,0.8819636404220521
